"Account Number","Name","Street and Number","City","State","Country","Zip code","Phone","Mobile Phone","Email","Fax","Website","Contact First Name","Contact Last Name","Identification Number","Ident. number type","System ID","Parent Account","Division","Incoterms","Phone Extension","IP Address","Street and Number 1","Street and Number 2","Street and Number 3","Billing Street and Number","Billing City","Billing State","Billing Country","Billing Zip Code","Billing Street and Number 1","Billing Street and Number 2","Billing Street and Number 3","Entity ID","Inactive","Has Transactions","Type","Known Shipper","Known Shipper Expiration Date","Notes","Attachments","Transaction Tracking","Has Open Transactions","Prepaid","Date of Birth","Last Screening Status","Last Screening Date","Preferred Currency","Balance (CAD)","Credit Limit (CAD)","Due Days","Payment Terms","Available Credit (CAD)","Billing Period","Last Payment Amount (CAD)","Last Payment Date","1099 Eligible","Supplier Invoice?"
,"San Diego Refrigerated Services Inc. DBA Harborside Operating Account",,,,,,,,,,,,,,"Other","0",,,,,"0.0.0.0",,,,,,,,,,,,,"No","Yes","Vendors","No",,,"No","Use default configuration","No","Yes",,,,,"0.00","0.00","0",,"0.00","Never Apply","1,227.40","01/13/2025","No","No"
,"DID Logistics INC",,,,,,,,,,,,,,"Other","0",,,,,"0.0.0.0",,,,,,,,,,,,,"No","Yes","Vendors","No",,,"No","Use default configuration","No","Yes",,,,,"0.00","0.00","0",,"0.00","Never Apply","5,028.50","01/09/2025","No","No"
,"Academia de Español PROBIGUA",,,,,,"(502) 59630640",,,,,,,,"Other","0",,,,,"0.0.0.0",,,,,,,,,,,,,"No","Yes","Vendors","No",,,"No","Use default configuration","Yes","Yes",,,,,"2,599.42","0.00","0",,"0.00","Never Apply","0.00",,"No","No"
,"DOLE OCEAN CARGO EXPRESS, LLC",,,,,,,,,,,,,,"Other","0",,,,,"0.0.0.0",,,,,,,,,,,,,"No","Yes","Vendors","No",,,"No","Use default configuration","No","Yes",,,,,"0.00","0.00","0",,"0.00","Never Apply","7,196.10","01/10/2025","No","No"
,"Eugénie Dejonckheere",,,,,,,,,,,,,,"Other","0",,,,,"0.0.0.0",,,,,,,,,,,,,"No","Yes","Vendors","No",,,"No","Use default configuration","Yes","Yes",,,,,"411.51","0.00","0",,"0.00","Never Apply","0.00",,"No","No"
,"Alliance pour l'engagement jeunesse | alliance-jeunesse.org",,,,,,,,,,,,,,"Other","0",,,,,"0.0.0.0",,,,,,,,,,,,,"No","Yes","Vendors","No",,,"No","Use default configuration","No","Yes",,,,,"0.00","0.00","0",,"0.00","Never Apply","95.20","12/20/2024","No","No"
,"Cari St-Laurent",,,,,,,,,,,,,,"Other","0",,,,,"0.0.0.0",,,,,,,,,,,,,"No","Yes","Vendors","No",,,"No","Use default configuration","No","Yes",,,,,"0.00","0.00","0",,"0.00","Never Apply","127.37","12/20/2024","No","No"
,"Immigration Lamonde inc.",,,,,,,,,,,,,,"Other","0",,,,,"0.0.0.0",,,,,,,,,,,,,"No","Yes","Vendors","No",,,"No","Use default configuration","No","Yes",,,,,"0.00","0.00","0",,"0.00","Never Apply","6,108.08","12/12/2024","No","No"
,"Phoenix Media Network Inc.",,,,,,,,,,,,,,"Other","0",,,,,"0.0.0.0",,,,,,,,,,,,,"No","Yes","Vendors","No",,,"No","Use default configuration","No","Yes",,,,,"0.00","0.00","0",,"0.00","Never Apply","2,968.22","12/03/2024","No","No"
,"York U",,,,,,,,,,,,,,"Other","0",,,,,"0.0.0.0",,,,,,,,,,,,,"No","Yes","Vendors","No",,,"No","Use default configuration","No","Yes",,,,,"0.00","0.00","0",,"0.00","Never Apply","77.74","11/26/2024","No","No"
,"Calgary Produce Marketing Association","PO Box 76154, RPO Millrise","Calgary","AB","Canada","T2Y 2Z0",,,"info@calgarypma.ca",,"www.calgarypma.ca",,,,"Other","0",,,,,"0.0.0.0","PO Box 76154, RPO Millrise",,,"PO Box 76154, RPO Millrise","Calgary","AB","Canada","T2Y 2Z0","PO Box 76154, RPO Millrise",,,,"No","Yes","Vendors","No",,,"No","Use default configuration","No","Yes",,,,,"0.00","0.00","0",,"0.00","Never Apply","300.00","12/06/2024","No","No"
,"OREPRODU SA","SUCRE S/N Y JUNIN","MACHALA",,"Ecuador",,"72962486",,"oreprodu.sa@gmail.com",,,"Priscila ","Adela",,"Other","0",,,,,"0.0.0.0","SUCRE S/N Y JUNIN",,,"SUCRE S/N Y JUNIN","MACHALA",,"Ecuador",,"SUCRE S/N Y JUNIN",,,,"No","No","Vendors","No",,,"No","Use default configuration","No","Yes",,,,,"0.00","0.00","0",,"0.00","Never Apply","0.00",,"No","No"
,"Université McGill",,,,,,,,,,,,,,"Other","0",,,,,"0.0.0.0",,,,,,,,,,,,,"No","Yes","Vendors","No",,,"No","Use default configuration","No","Yes",,,,,"0.00","0.00","0",,"0.00","Never Apply","63.18","10/16/2024","No","No"
,"C.I. LA SAMARIA S.A.S","Cra. 1 No. 22-58 Ed. Bahía Centro Piso 4","Santa Marta",,"Colombia",,"576054237270",,"chenao@daabon.com.co",,,"Carlos ","Henao",,"Other","0",,,,,"0.0.0.0","Cra. 1 No. 22-58 Ed. Bahía Centro Piso 4",,,"Cra. 1 No. 22-58 Ed. Bahía Centro Piso 4","Sant Marta",,"Colombia",,"Cra. 1 No. 22-58 Ed. Bahía Centro Piso 4",,,"DAABON","No","Yes","Vendors","No",,,"No","Use default configuration","No","Yes",,,,,"0.00","0.00","0",,"0.00","Never Apply","9,307.20","11/18/2024","No","No"
,"Visa Banque Royal",,,,,,,,,,,,,,"Other","0",,,,,"0.0.0.0",,,,,,,,,,,,,"No","Yes","Vendors","No",,,"No","Use default configuration","Yes","Yes",,,,,"0.00","0.00","0",,"0.00","Never Apply","0.00","11/30/2024","No","No"
,"Association Inti",,,,,,,,,,,,,,"Other","0",,,,,"0.0.0.0",,,,,,,,,,,,,"No","Yes","Vendors","No",,,"No","Use default configuration","No","Yes",,,,,"0.00","0.00","0",,"0.00","Never Apply","63.67","10/16/2024","No","No"
,"Ashley McPhee",,,,,,,,,,,,,,"Other","0",,,,,"0.0.0.0",,,,,,,,,,,,,"No","Yes","Vendors","No",,,"No","Use default configuration","No","Yes",,,,,"0.00","0.00","0",,"0.00","Never Apply","866.60","12/13/2024","No","No"
,"Nathalie Charron",,,,,,,,,,,,,,"Other","0",,,,,"0.0.0.0",,,,,,,,,,,,,"No","Yes","Vendors","No",,,"No","Use default configuration","No","Yes",,,,,"0.00","0.00","0",,"0.00","Never Apply","172.46","08/30/2024","No","No"
,"Gaylord Opryland Resort and Convention Center",,,,,,,,,,,,,,"Other","0",,,,,"0.0.0.0",,,,,,,,,,,,,"No","Yes","Vendors","No",,,"No","Use default configuration","No","Yes",,,,,"0.00","0.00","0",,"0.00","Never Apply","516.71","08/21/2024","No","No"
,"Ordre des Agronomes du Québec",,,,,,,,,,,,,,"Other","0",,,,,"0.0.0.0",,,,,,,,,,,,,"No","Yes","Vendors","No",,,"No","Use default configuration","No","Yes",,,,,"0.00","0.00","0",,"0.00","Never Apply","862.31","07/17/2024","No","No"
"10001-016 - 619349070","CMA CGM",,,,,,,,,,,,,,"Other","0",,,,,"0.0.0.0",,,,,,,,,,,,,"No","Yes","Vendors","No",,,"No","Use default configuration","No","Yes",,,,,"0.00","0.00","0",,"0.00","Never Apply","23,450.64","08/06/2024","No","No"
,"LTB Magazine (Société Parallèle)",,,,,,,,,,,,,,"Other","0",,,,,"0.0.0.0",,,,,,,,,,,,,"No","Yes","Vendors","No",,,"No","Use default configuration","No","Yes",,,,,"0.00","0.00","0",,"0.00","Never Apply","44.07","07/04/2024","No","No"
,"Karene-Isabelle Jean-Baptiste",,,,,,,,,,,,,,"Other","0",,,,,"0.0.0.0",,,,,,,,,,,,,"No","Yes","Vendors","No",,,"No","Use default configuration","No","Yes",,,,,"0.00","0.00","0",,"0.00","Never Apply","675.00","11/26/2024","No","No"
,"Pelletier & Cie avocats inc.",,,,,,,,,,,,,,"Other","0",,,,,"0.0.0.0",,,,,,,,,,,,,"No","Yes","Vendors","No",,,"No","Use default configuration","No","Yes",,,,,"0.00","0.00","0",,"0.00","Never Apply","793.74","09/27/2024","No","No"
,"Blue Horseshoe","4770 Country Villa Dr","Tucson","AZ","United States","85718",,,,,,,,,"Other","0",,,,,"0.0.0.0","4770 Country Villa Dr",,,"4770 Country Villa Dr","Tucson","AZ","United States","85718","4770 Country Villa Dr",,,,"No","Yes","Vendors","No",,,"No","Use default configuration","No","Yes",,,,,"0.00","0.00","0",,"0.00","Never Apply","4,123.50","08/14/2024","No","No"
"00001 - 003 -1052620","CMA CGM (CANADA) INC",,,,,,,,,,,,,,"Other","0",,,,,"0.0.0.0",,,,,,,,,,,,,"No","Yes","Vendors","No",,,"No","Use default configuration","No","No",,,,"Canadian Dollar","0.00","0.00","30","Net 30","0.00","Never Apply","9,533.06","07/12/2024","No","No"
,"helloDARWIN",,,,,,,,,,,,,,"Other","0",,,,,"0.0.0.0",,,,,,,,,,,,,"No","Yes","Vendors","No",,,"No","Use default configuration","No","Yes",,,,,"-15,000.00","0.00","0",,"0.00","Never Apply","17,246.25","06/17/2024","No","No"
,"Pro-Cert Organic Systems Ltd.",,,,,,,,,,,,,,"Other","0",,,,,"0.0.0.0",,,,,,,,,,,,,"No","Yes","Vendors","No",,,"No","Use default configuration","No","Yes",,,,,"0.00","0.00","0",,"0.00","Never Apply","2,096.00","06/10/2024","No","No"
,"Cathy's Action Packed Inc./Let's Party","1370-K Burton Ave., Salinas",,"CA","United States","93901",,,,,"www.letspartysalinas.com",,,,"Other","0",,,,,"0.0.0.0","1370-K Burton Ave., Salinas",,,"1370-K Burton Ave., Salinas",,"CA","United States","93901","1370-K Burton Ave., Salinas",,,,"No","Yes","Vendors","No",,,"No","Use default configuration","No","Yes",,,,,"0.00","0.00","0",,"0.00","Never Apply","1,446.48","07/11/2024","No","No"
,"l'École de la Magdeleine",,,,,,,,,,,,,,"Other","0",,,,,"0.0.0.0",,,,,,,,,,,,,"No","Yes","Vendors","No",,,"No","Use default configuration","No","Yes",,,,,"0.00","0.00","0",,"0.00","Never Apply","51.79","05/28/2024","No","No"
,"Carrefour de Solidarité Internationale",,,,,,,,,,,,,,"Other","0",,,,,"0.0.0.0",,,,,,,,,,,,,"No","Yes","Vendors","No",,,"No","Use default configuration","No","Yes",,,,,"0.00","0.00","0",,"0.00","Never Apply","126.36","11/22/2024","No","No"
"CHASUS33-722619616","COSCO SHIPPING Lines (North America) Inc.","15600 John F. Kennedy Blvd.  Suite 400","Houston","TX","United States","77032","(1) 281- 7656800",,,,,,,,"Other","0",,,,,"0.0.0.0","15600 John F. Kennedy Blvd.","Suite 400",,"15600 John F. Kennedy Blvd.  Suite 400","Houston","TX","United States","77032","15600 John F. Kennedy Blvd.","Suite 400",,,"No","Yes","Vendors","No",,,"No","Use default configuration","No","Yes",,,,,"0.00","0.00","0",,"0.00","Never Apply","11,065.72","01/02/2025","No","No"
,"John Simoulidis",,,,,,,,,,,,,,"Other","0",,,,,"0.0.0.0",,,,,,,,,,,,,"No","Yes","Vendors","No",,,"No","Use default configuration","No","Yes",,,,,"0.00","0.00","0",,"0.00","Never Apply","39.00","05/15/2024","No","No"
,"Circular Materials","1 St. Clair Ave. West, 7th Floor","Toronto","ON","Canada",,,,,,,,,,"Other","0",,,,,"0.0.0.0","1 St. Clair Ave. West, 7th Floor",,,"1 St. Clair Ave. West, 7th Floor","Toronto","ON","Canada",,"1 St. Clair Ave. West, 7th Floor",,,,"No","Yes","Vendors","No",,,"No","Use default configuration","Yes","Yes",,,,,"4,918.81","0.00","0",,"0.00","Never Apply","1,639.61","01/09/2025","No","No"
,"Vasty Santamaria",,,,,,,,,,,,,,"Other","0",,,,,"0.0.0.0",,,,,,,,,,,,,"No","Yes","Vendors","No",,,"No","Use default configuration","No","Yes",,,,,"0.00","0.00","0",,"0.00","Never Apply","835.51","08/14/2024","No","No"
,"Fondation Philou",,,,,,,,,,,,,,"Other","0",,,,,"0.0.0.0",,,,,,,,,,,,,"No","Yes","Vendors","No",,,"No","Use default configuration","No","Yes",,,,,"0.00","0.00","0",,"0.00","Never Apply","0.00","03/15/2024","No","No"
"PACIECEG-8028958","ASOCIACION DE DESARROLLO SOCIAL CARMITA",,,,,,,,,,,,,,"Other","0",,,,,"0.0.0.0",,,,,,,,,,,,,"No","Yes","Vendors","No",,,"No","Use default configuration","Yes","Yes",,,,,"5,160.60","0.00","0",,"0.00","Never Apply","8,820.45","12/06/2024","No","No"
"21451 001 1042130","Forgestik",,,,,,,,,,,,,,"Other","0",,,,,"0.0.0.0",,,,,,,,,,,,,"No","Yes","Vendors","No",,,"No","Use default configuration","No","No",,,,"Canadian Dollar","0.00","0.00","0","Due on receipt","0.00","Never Apply","6,943.34","01/09/2025","No","No"
,"TQL Total Quality Logistics",,,,,,,,,,,,,,"Other","0",,,,,"0.0.0.0",,,,,,,,,,,,,"No","Yes","Vendors","No",,,"No","Use default configuration","No","No",,,,"United States Dollar","0.00","0.00","0","Due on receipt","0.00","Never Apply","1,372.75","01/13/2025","No","No"
,"Concordia University",,,,,,,,,,,,,,"Other","0",,,,,"0.0.0.0",,,,,,,,,,,,,"No","Yes","Vendors","No",,,"No","Use default configuration","No","Yes",,,,,"0.00","0.00","0",,"0.00","Never Apply","108.48","04/17/2024","No","No"
" 026003379- 116020445","B Lab",,,,,,,,,,,,,,"Other","0",,,,,"0.0.0.0",,,,,,,,,,,,,"No","Yes","Vendors","No",,,"No","Use default configuration","No","Yes",,,,,"0.00","0.00","0",,"0.00","Never Apply","8,500.00","04/30/2024","No","No"
"026013576-1500717900","Top Banana","415 Row D Hunts PT Market","Bronx","NY","United States","10474",,,,,,,,,"Other","0",,,,,"0.0.0.0","415 Row D Hunts PT Market",,,"415 Row D Hunts PT Market","Bronx","NY","United States","10474","415 Row D Hunts PT Market",,,,"No","Yes","Vendors","No",,,"No","Use default configuration","No","Yes",,,,,"0.00","0.00","0",,"0.00","Never Apply","8,196.00","04/09/2024","No","No"
,"Institut des administrateurs de sociétés",,,,,,,,,,,,,,"Other","0",,,,,"0.0.0.0",,,,,,,,,,,,,"No","Yes","Vendors","No",,,"No","Use default configuration","No","Yes",,,,,"0.00","0.00","0",,"0.00","Never Apply","0.00","11/30/2024","No","No"
"000274666/Swift Code MRMDUS33","One Ocean Network Express",,,,,,,,,,,,,,"Other","0",,,,,"0.0.0.0",,,,,,,,,,,,,"No","Yes","Vendors","No",,,"No","Use default configuration","No","Yes",,,,,"0.02","0.00","0",,"0.00","Never Apply","5,280.00","01/08/2025","No","No"
"053104568-741006472","MegaCorp Logistics",,,,,,,,,,,,,,"Other","0",,,,,"0.0.0.0",,,,,,,,,,,,,"No","Yes","Vendors","No",,,"No","Use default configuration","No","No",,,,"United States Dollar","0.00","0.00","0","Due on receipt","0.00","Never Apply","9,248.00","01/10/2025","No","No"
,"Oxfam Québec",,,,,,,,,,,,,,"Other","0",,,,,"0.0.0.0",,,,,,,,,,,,,"No","Yes","Vendors","No",,,"No","Use default configuration","No","Yes",,,,,"0.00","0.00","0",,"0.00","Never Apply","191.01","05/15/2024","No","No"
,"Lufa Farms Inc.",,,,,,,,,,,,,,"Other","0",,,,,"0.0.0.0",,,,,,,,,,,,,"No","Yes","Vendors","No",,,"No","Use default configuration","No","Yes",,,,,"0.00","0.00","0",,"0.00","Never Apply","250.00","02/19/2024","No","No"
,"Coralus Promerly Sheeo",,,,,,,,,,,,,,"Other","0",,,,,"0.0.0.0",,,,,,,,,,,,,"No","Yes","Vendors","No",,,"No","Use default configuration","No","Yes",,,,,"0.00","0.00","0",,"0.00","Never Apply","0.00","02/15/2024","No","No"
,"Solutions iTCloud.ca",,,,,,,,,,,,,,"Other","0",,,,,"0.0.0.0",,,,,,,,,,,,,"No","Yes","Vendors","No",,,"No","Use default configuration","Yes","Yes",,,,,"32.80","0.00","0",,"0.00","Never Apply","381.84","12/16/2024","No","No"
"21300077-328612942990","CohnReznick LLP",,,,,,,,,,,,,,"Other","0",,,,,"0.0.0.0",,,,,,,,,,,,,"No","Yes","Vendors","No",,,"No","Use default configuration","No","Yes",,,,,"0.00","0.00","0",,"0.00","Never Apply","3,372.50","04/10/2024","No","No"
,"Shelby Dwyer",,,,,,,,,,,,,,"Other","0",,,,,"0.0.0.0",,,,,,,,,,,,,"No","Yes","Vendors","No",,,"No","Use default configuration","No","Yes",,,,,"0.00","0.00","0",,"0.00","Never Apply","79.80","12/13/2024","No","No"
,"Southeast Produce Council Inc",,,,,,,,,,,,,,"Other","0",,,,,"0.0.0.0",,,,,,,,,,,,,"No","Yes","Vendors","No",,,"No","Use default configuration","No","Yes",,,,,"0.00","0.00","0",,"0.00","Never Apply","2,706.06","01/13/2025","No","No"
"PICHECEQXXX-5542123700","Tito Ruben Hidalgo Novillo",,,,,,,,,,,,,,"Other","0",,,,,"0.0.0.0",,,,,,,,,,,,,"No","Yes","Vendors","No",,,"No","Use default configuration","No","Yes",,,,,"0.01","0.00","0",,"0.00","Never Apply","6,176.55","01/02/2025","No","No"
,"UNE MAMAN VÉGANE",,,,,,,,,,,,,,"Other","0",,,,,"0.0.0.0",,,,,,,,,,,,,"No","Yes","Vendors","No",,,"No","Use default configuration","No","Yes",,,,,"0.00","0.00","0",,"0.00","Never Apply","919.80","11/28/2023","No","No"
,"Theveganginger",,,,,,,,,,,,,,"Other","0",,,,,"0.0.0.0",,,,,,,,,,,,,"No","Yes","Vendors","No",,,"No","Use default configuration","No","Yes",,,,,"0.00","0.00","0",,"0.00","Never Apply","169.50","12/08/2023","No","No"
,"Fernanda Gonzalez",,,,,,,,,,,,,,"Other","0",,,,,"0.0.0.0",,,,,,,,,,,,,"No","Yes","Vendors","No",,,"No","Use default configuration","No","Yes",,,,,"0.00","0.00","0",,"0.00","Never Apply","28.69","12/13/2024","No","No"
,"GES",,,,,,,,,,,,,,"Other","0",,,,,"0.0.0.0",,,,,,,,,,,,,"No","Yes","Vendors","No",,,"No","Use default configuration","No","Yes",,,,,"0.00","0.00","0",,"0.00","Never Apply","289.39","10/19/2023","No","No"
"066010597-115084692","Hacienda Celia María C.A.","Luque 127 y Pedro Carbo","Guayaquil",,"Ecuador",,,,,,,,,,"Other","0",,,,,"0.0.0.0","Luque 127 y Pedro Carbo",,,"Luque 127 y Pedro Carbo","Guayaquil",,"Ecuador",,"Luque 127 y Pedro Carbo",,,,"No","Yes","Vendors","No",,,"No","Use default configuration","No","Yes",,,,,"0.00","0.00","0",,"0.00","Never Apply","18,525.33","01/07/2025","No","Yes"
,"ONTARIO TECH UNIVERSITY",,,,,,,,,,,,,,"Other","0",,,,,"0.0.0.0",,,,,,,,,,,,,"No","Yes","Vendors","No",,,"No","Use default configuration","No","Yes",,,,,"0.00","0.00","0",,"0.00","Never Apply","56.76","11/10/2023","No","No"
,"Dana Hospitality",,,,,,,,,,,,,,"Other","0",,,,,"0.0.0.0",,,,,,,,,,,,,"No","Yes","Vendors","No",,,"No","Use default configuration","No","Yes",,,,,"0.00","0.00","0",,"0.00","Never Apply","127.20","10/16/2024","No","No"
" 021201383-005097019524","The Produce News",,,,,,,,,,,,,,"Other","0",,,,,"0.0.0.0",,,,,,,,,,,,,"No","Yes","Vendors","No",,,"No","Use default configuration","No","Yes",,,,,"0.00","0.00","0",,"0.00","Never Apply","4,086.00","11/08/2024","No","No"
,"Humber College",,,,,,,,,,,,,,"Other","0",,,,,"0.0.0.0",,,,,,,,,,,,,"No","Yes","Vendors","No",,,"No","Use default configuration","No","Yes",,,,,"0.00","0.00","0",,"0.00","Never Apply","79.20","10/24/2023","No","No"
,"Krown Produce Inc.",,,,,,,,,,,,,,"Other","0",,,,,"0.0.0.0",,,,,,,,,,,,,"No","Yes","Vendors","No",,,"No","Use default configuration","No","Yes",,,,,"0.00","0.00","0",,"0.00","Never Apply","1,000.00","03/21/2024","No","No"
,"University of Guelph",,,,,,,,,,,,,,"Other","0",,,,,"0.0.0.0",,,,,,,,,,,,,"No","Yes","Vendors","No",,,"No","Use default configuration","No","Yes",,,,,"0.00","0.00","0",,"0.00","Never Apply","116.95","10/24/2023","No","No"
,"Tribal Ink",,,,,,,,,,,,,,"Other","0",,,,,"0.0.0.0",,,,,,,,,,,,,"No","Yes","Vendors","No",,,"No","Use default configuration","No","Yes",,,,,"0.00","0.00","0",,"0.00","Never Apply","3,608.62","10/20/2023","No","No"
,"Mallette S.E.N.C.R.L.",,,,,,,,,,,,,,"Other","0",,,,,"0.0.0.0",,,,,,,,,,,,,"No","Yes","Vendors","No",,,"No","Use default configuration","No","Yes",,,,,"0.00","0.00","0",,"0.00","Never Apply","1,030.08","09/19/2023","No","No"
"022000046-9888330843","Affinity Produce Partners, LLC","dba Affinity Group Retail  2928 Walden Avenue","Depew","NY","United States","14043",,,"ANE.AR@AffinitySales.com",,,,,,"Other","0",,,,,"0.0.0.0","dba Affinity Group Retail","2928 Walden Avenue",,"dba Affinity Group Retail  2928 Walden Avenue","Depew","NY","United States","14043","dba Affinity Group Retail","2928 Walden Avenue",,,"No","Yes","Vendors","No",,,"No","Use default configuration","No","Yes",,,,,"0.00","0.00","0",,"0.00","Never Apply","722.00","01/10/2025","No","No"
,"Claudia Ramirez",,,,,,,,,,,,,,"Other","0",,,,,"0.0.0.0",,,,,,,,,,,,,"No","Yes","Vendors","No",,,"No","Use default configuration","No","Yes",,,,,"0.00","0.00","0",,"0.00","Never Apply","58.09","08/14/2024","No","No"
,"Canadian Tire",,,,,,,,,,,,,,"Other","0",,,,,"0.0.0.0",,,,,,,,,,,,,"No","No","Vendors","No",,,"No","Use default configuration","No","Yes",,,,,"0.00","0.00","0",,"0.00","Never Apply","0.00",,"No","No"
,"Scanova",,,,,,,,,,,,,,"Other","0",,,,,"0.0.0.0",,,,,,,,,,,,,"No","Yes","Vendors","No",,,"No","Use default configuration","No","Yes",,,,,"0.00","0.00","0",,"0.00","Never Apply","1,197.45","07/12/2023","No","No"
,"Eco Entreprises Québec",,,,,,,,,,,,,,"Other","0",,,,,"0.0.0.0",,,,,,,,,,,,,"No","Yes","Vendors","No",,,"No","Use default configuration","No","Yes",,,,,"0.00","0.00","0",,"0.00","Never Apply","4,449.53","01/09/2025","No","No"
,"Savoie express Inc.",,,,,,,,,,,,,,"Other","0",,,,,"0.0.0.0",,,,,,,,,,,,,"No","Yes","Vendors","No",,,"No","Use default configuration","No","Yes",,,,,"0.00","0.00","0",,"0.00","Never Apply","2,061.00","06/21/2024","No","No"
,"Short and sweat wellness inc.",,,,,,,,,,,,,,"Other","0",,,,,"0.0.0.0",,,,,,,,,,,,,"No","Yes","Vendors","No",,,"No","Use default configuration","No","Yes",,,,,"0.00","0.00","0",,"0.00","Never Apply","655.36","07/11/2023","No","No"
,"Costco Wholesale Canada Ltd.",,,,,,,,,,,,,,"Other","0",,,,,"0.0.0.0",,,,,,,,,,,,,"No","Yes","Vendors","No",,,"No","Use default configuration","No","Yes",,,,,"0.00","0.00","0",,"0.00","Never Apply","5,017.11","06/28/2023","No","No"
,"Pacific Marine Consultants, Inc.",,,,,,,,,,,,,,"Other","0",,,,,"0.0.0.0",,,,,,,,,,,,,"No","Yes","Vendors","No",,,"No","Use default configuration","No","Yes",,,,,"0.00","0.00","0",,"0.00","Never Apply","1,181.73","06/16/2023","No","No"
,"Sales Is Not Simple Inc.",,,,,,,,,,,,,,"Other","0",,,,,"0.0.0.0",,,,,,,,,,,,,"No","Yes","Vendors","No",,,"No","Use default configuration","No","Yes",,,,,"0.00","0.00","0",,"0.00","Never Apply","368.55","11/07/2023","No","No"
,"Tive, Inc.",,,,,,,,,,,,,,"Other","0",,,,,"0.0.0.0",,,,,,,,,,,,,"No","Yes","Vendors","No",,,"No","Use default configuration","No","Yes",,,,,"0.00","0.00","0",,"0.00","Never Apply","5,523.35","10/25/2024","No","No"
,"La corporation du College de l'Assomption",,,,,,,,,,,,,,"Other","0",,,,,"0.0.0.0",,,,,,,,,,,,,"No","Yes","Vendors","No",,,"No","Use default configuration","No","Yes",,,,,"0.00","0.00","0",,"0.00","Never Apply","84.75","06/04/2024","No","No"
,"Christou Global Marketing Services LLC",,,,,,,,,,,,,,"Other","0",,,,,"0.0.0.0",,,,,,,,,,,,,"No","Yes","Vendors","No",,,"No","Use default configuration","No","Yes",,,,,"0.00","0.00","0",,"0.00","Never Apply","2,223.05","06/27/2023","No","No"
,"BrandSpirit",,,,,,,,,,,,,,"Other","0",,,,,"0.0.0.0",,,,,,,,,,,,,"No","Yes","Vendors","No",,,"No","Use default configuration","No","Yes",,,,,"0.00","0.00","0",,"0.00","Never Apply","4,476.07","06/08/2023","No","No"
,"Organic Produce Network, LLC","5 Harris Ct., Bldg O","Monterey","CA","United States","93940-7818",,,"accounting@organicproducenetwork.com",,,,,,"Other","0",,,,,"0.0.0.0","5 Harris Ct., Bldg O",,,"5 Harris Ct., Bldg O","Monterey","CA","United States","93940-7818","5 Harris Ct., Bldg O",,,,"No","Yes","Vendors","No",,,"No","Use default configuration","No","No",,,,"United States Dollar","0.00","0.00","0",,"0.00","Never Apply","1,604.21","08/02/2023","No","No"
,"Amplify Logistics","7447 Bren Road","Mississauga","ON","Canada","L4T 1H3","905 459 0718",,"accounting@amplifylogistics.com",,,,,,"Other","0",,,,,"0.0.0.0","7447 Bren Road",,,"7447 Bren Road","Mississauga","ON","Canada","L4T 1H3","7447 Bren Road",,,,"No","Yes","Vendors","No",,,"No","Use default configuration","No","Yes",,,,"United States Dollar","0.00","0.00","30","Net 30","0.00","Never Apply","4,609.60","10/04/2023","No","No"
,"RBC Express",,,,,,,,,,,,,,"Other","0",,,,,"0.0.0.0",,,,,,,,,,,,,"No","Yes","Vendors","No",,,"No","Use default configuration","No","Yes",,,,,"-0.01","0.00","0",,"0.00","Never Apply","1,474.05","01/07/2025","No","No"
,"Patrick Kovari",,,,,,,,,,,,,,"Other","0",,,,,"0.0.0.0",,,,,,,,,,,,,"No","Yes","Vendors","No",,,"No","Use default configuration","No","Yes",,,,,"0.00","0.00","0",,"0.00","Never Apply","128.52","12/18/2023","No","No"
,"Flair",,,,,,,,,,,,,,"Other","0",,,,,"0.0.0.0",,,,,,,,,,,,,"No","No","Vendors","No",,,"No","Use default configuration","No","Yes",,,,,"0.00","0.00","0",,"0.00","Never Apply","0.00",,"No","No"
,"Sherrie L. Terry Consulting, LLC","11740 Park Court","Loveland","OH","United States","45140","(513) 583-9360",,,,,,,,"Other","0",,,,,"0.0.0.0","11740 Park Court",,,"11740 Park Court","Loveland","OH","United States","45140","11740 Park Court",,,,"No","Yes","Vendors","No",,,"No","Use default configuration","No","Yes",,,,,"0.00","0.00","0",,"0.00","Never Apply","2,537.00","05/10/2023","No","No"
,"ANACAPA FRESH LOGISTICS, LLC","5994 W Las Positas Blvd, Suite 123","Pleasanton","CA","United States","94588",,,,,,,,,"Other","0",,,,,"0.0.0.0","5994 W Las Positas Blvd, Suite 123",,,"5994 W Las Positas Blvd, Suite 123","Pleasanton","CA","United States","94588","5994 W Las Positas Blvd, Suite 123",,,,"No","Yes","Vendors","No",,,"No","Use default configuration","No","Yes",,,,,"0.00","0.00","0",,"0.00","Never Apply","2,849.35","10/21/2024","No","No"
,"Fresh Plaza B.V.","Stevinweg 2  4691 SM THOLEN",,,,,,,,,,,,,"Other","0",,,,,"0.0.0.0","Stevinweg 2","4691 SM THOLEN",,"Stevinweg 2  4691 SM THOLEN",,,,,"Stevinweg 2","4691 SM THOLEN",,,"No","Yes","Vendors","No",,,"No","Use default configuration","No","Yes",,,,,"0.00","0.00","0",,"0.00","Never Apply","997.40","10/25/2024","No","No"
"021000089-31298858","ZIM AMERICAN INTEGRATED SHIPPING SERVICES CO., LLC",,,,,,,,,,,,,,"Other","0",,,,,"0.0.0.0",,,,,,,,,,,,,"No","Yes","Vendors","No",,,"No","Use default configuration","No","Yes",,,,,"-0.02","0.00","0",,"0.00","Never Apply","14,038.57","01/09/2025","No","No"
,"RF Cargo",,,,,,,,,,,,,,"Other","0",,,,,"0.0.0.0",,,,,,,,,,,,,"No","Yes","Vendors","No",,,"No","Use default configuration","No","Yes",,,,,"0.00","0.00","0",,"0.00","Never Apply","5,857.63","06/21/2024","No","No"
,"J K Fresh LLC.",,,,,,,,,,,,,,"Other","0",,,,,"0.0.0.0",,,,,,,,,,,,,"No","Yes","Vendors","No",,,"No","Use default configuration","Yes","Yes",,,,,"341.35","0.00","0",,"0.00","Never Apply","3,260.30","12/19/2024","No","No"
"MRMDUS33-000279331","CMA CGM (AMERICA) LLC",,,,,,,,,,,,,,"Other","0",,,,,"0.0.0.0",,,,,,,,,,,,,"No","Yes","Vendors","No",,"BENEFICIARY: CMACGM & ANL
SECURITIES BV
HSBC BANK USA, N.A.
452 FIFTH AVENUE
NEW YORK, NY 10018
ABA/ROUTING WIRE#: 021001088
ACH: 022000020
ACCT #: 000279331","No","Use default configuration","No","No",,,,"United States Dollar","-0.03","0.00","0","Due on receipt","0.00","Never Apply","4,732.73","08/13/2024","No","No"
,"Impact XM.",,,,,,,,,,,,,,"Other","0",,,,,"0.0.0.0",,,,,,,,,,,,,"No","Yes","Vendors","No",,,"No","Use default configuration","No","Yes",,,,"Canadian Dollar","0.00","0.00","0","Due on receipt","0.00","Never Apply","4,937.80","11/22/2024","No","No"
,"Chiovitti Canada Co. Ltd",,,,,,,,,,,,,,"Other","0",,,,,"0.0.0.0",,,,,,,,,,,,,"No","Yes","Vendors","No",,,"No","Use default configuration","No","Yes",,,,,"0.00","0.00","0",,"0.00","Never Apply","629.90","02/23/2024","No","No"
,"Daniel Loggale",,,,,,,,,,,,,,"Other","0",,,,,"0.0.0.0",,,,,,,,,,,,,"No","Yes","Vendors","No",,,"No","Use default configuration","No","Yes",,,,,"0.00","0.00","0",,"0.00","Never Apply","132.89","03/31/2023","No","No"
,"Luca Falcicchio",,,,,,,,,,,,,,"Other","0",,,,,"0.0.0.0",,,,,,,,,,,,,"No","Yes","Vendors","No",,,"No","Use default configuration","No","Yes",,,,,"0.00","0.00","0",,"0.00","Never Apply","125.06","03/31/2023","No","No"
,"BGL Brokerage Ltd","715 SQUARE-VICTORIA SUITE 200","MONTREAL",,,,,,,,,,,,"Other","0",,,,,"0.0.0.0","715 SQUARE-VICTORIA SUITE 200",,,"715 SQUARE-VICTORIA SUITE 200","MONTREAL",,,,"715 SQUARE-VICTORIA SUITE 200",,,,"No","Yes","Vendors","No",,,"No","Use default configuration","Yes","Yes",,,,,"153.08","0.00","15","Net 15","0.00","Never Apply","735.95","01/09/2025","No","No"
,"Bon pour toi Inc.",,,,,,,,,,,,,,"Other","0",,,,,"0.0.0.0",,,,,,,,,,,,,"No","Yes","Vendors","No",,,"No","Use default configuration","No","Yes",,,,,"0.00","0.00","0",,"0.00","Never Apply","1,379.70","04/13/2023","No","No"
,"Canada Border Services Agency",,,,,,,,,,,,,,"Other","0",,,,,"0.0.0.0",,,,,,,,,,,,,"No","Yes","Vendors","No",,,"No","Use default configuration","No","Yes",,,,,"0.00","0.00","0",,"0.00","Never Apply","798.99","09/06/2024","No","No"
"BAALPAPAXXX-14000003095","CALIDAD Y PRODUCTIVIDAD LAS AMERICAS, S.A CPLA",,,,,,,,,,,,,,"Other","0",,,,,"0.0.0.0",,,,,,,,,,,,,"No","Yes","Vendors","No",,,"No","Use default configuration","Yes","No",,,,,"14.53","0.00","0","Due on receipt","0.00","Never Apply","4,414.86","01/02/2025","No","No"
,"DaszkalBolton",,,,,,,,,,,,,,"Other","0",,,,,"0.0.0.0",,,,,,,,,,,,,"No","Yes","Vendors","No",,,"No","Use default configuration","No","Yes",,,,,"0.00","0.00","0",,"0.00","Never Apply","1,513.05","04/17/2023","No","No"
,"AQDFL",,,,,,,,,,,,,,"Other","0",,,,,"0.0.0.0",,,,,,,,,,,,,"No","Yes","Vendors","No",,,"No","Use default configuration","No","Yes",,,,,"0.00","0.00","0",,"0.00","Never Apply","0.00","01/15/2024","No","No"
,"Channel Islands Warehouse, Inc.","P.O Box 6229","Oxnard","CA","United States","93031",,,,,,,,,"Other","0",,,,,"0.0.0.0","P.O Box 6229",,,"P.O Box 6229","Oxnard","CA","United States","93031","P.O Box 6229",,,,"No","Yes","Vendors","No",,,"No","Use default configuration","No","No",,,,"United States Dollar","0.00","0.00","0",,"0.00","Never Apply","1,282.48","12/20/2024","No","No"
,"Organic Produce Summit",,,,,,,,,,,,,,"Other","0",,,,,"0.0.0.0",,,,,,,,,,,,,"No","Yes","Vendors","No",,,"No","Use default configuration","No","Yes",,,,,"0.00","0.00","0",,"0.00","Never Apply","10,958.69","10/03/2024","No","No"
"066012867-223405706","Latbio S.A.","10 de agosto entre Pichincha y García Moreno","Pasaje","El Oro","Ecuador",,"+593 98 474 9653",,"comex@latbio.com.ec",,"www.latbio.com.ec",,,"CoC 4063651209976","Other","0",,,,,"0.0.0.0","10 de agosto entre Pichincha y García Moreno",,,"10 de agosto entre Pichincha y García Moreno","Pasaje","El Oro","Ecuador",,"10 de agosto entre Pichincha y García Moreno",,,"EC-BIO-149","No","Yes","Vendors","No",,,"No","Use default configuration","No","Yes",,,,"United States Dollar","0.01","0.00","10","Net 10","0.00","Never Apply","19,657.93","12/27/2024","No","Yes"
"PICHECEQXXX-3475985204","Corporacion promesa el guabo",,,,,,,,,,,,,,"Other","0",,,,,"0.0.0.0",,,,,,,,,,,,,"No","Yes","Vendors","No",,,"No","Use default configuration","Yes","No",,,,"United States Dollar","0.00","0.00","0",,"0.00","Never Apply","37,109.10","01/08/2025","No","No"
,"PRIETO EXPORT S.A.",,,,,,,,,,,,,,"Other","0",,,,,"0.0.0.0",,,,,,,,,,,,,"No","Yes","Vendors","No",,,"No","Use default configuration","No","Yes",,,,,"0.00","0.00","0",,"0.00","Never Apply","2,138.60","03/16/2023","No","No"
,"Costco.ca",,,,,,,,,,,,,,"Other","0",,,,,"0.0.0.0",,,,,,,,,,,,,"No","Yes","Vendors","No",,,"No","Use default configuration","No","Yes",,,,,"0.00","0.00","0",,"0.00","Never Apply","0.00","12/01/2023","No","No"
,"Lang Students' Association",,,,,,,,,,,,,,"Other","0",,,,,"0.0.0.0",,,,,,,,,,,,,"No","Yes","Vendors","No",,,"No","Use default configuration","No","Yes",,,,,"0.00","0.00","0",,"0.00","Never Apply","375.00","01/20/2023","No","No"
,"Agence canadienne d'inspection des aliments",,,,,,,,,,,,,,"Other","0",,,,,"0.0.0.0",,,,,,,,,,,,,"No","Yes","Vendors","No",,,"No","Use default configuration","No","Yes",,,,,"0.00","0.00","0",,"0.00","Never Apply","287.22","12/12/2024","No","No"
,"Microsoft",,,,,,,,,,,,,,"Other","0",,,,,"0.0.0.0",,,,,,,,,,,,,"No","Yes","Vendors","No",,,"No","Use default configuration","No","Yes",,,,,"0.00","0.00","0",,"0.00","Never Apply","0.00","12/01/2023","No","No"
,"Amazon.ca",,,,,,,,,,,,,,"Other","0",,,,,"0.0.0.0",,,,,,,,,,,,,"No","Yes","Vendors","No",,,"No","Use default configuration","No","Yes",,,,"Canadian Dollar","0.00","0.00","0","Mastercard","0.00","Never Apply","0.00","12/01/2023","No","No"
,"Digital Ocean",,,,,,,,,,,,,,"Other","0",,,,,"0.0.0.0",,,,,,,,,,,,,"No","Yes","Vendors","No",,,"No","Use default configuration","No","Yes",,,,,"-0.01","0.00","0",,"0.00","Never Apply","27.94","01/01/2025","No","No"
,"Rexall",,,,,,,,,,,,,,"Other","0",,,,,"0.0.0.0",,,,,,,,,,,,,"No","Yes","Vendors","No",,,"No","Use default configuration","No","Yes",,,,,"0.00","0.00","0",,"0.00","Never Apply","0.00","12/01/2023","No","No"
,"Yellow Image",,,,,,,,,,,,,,"Other","0",,,,,"0.0.0.0",,,,,,,,,,,,,"No","Yes","Vendors","No",,,"No","Use default configuration","No","Yes",,,,,"0.00","0.00","0",,"0.00","Never Apply","0.00","12/01/2023","No","No"
,"Star Metroland Sbscrp",,,,,,,,,,,,,,"Other","0",,,,,"0.0.0.0",,,,,,,,,,,,,"No","Yes","Vendors","No",,,"No","Use default configuration","No","No",,,,,"0.00","0.00","0","Mastercard","0.00","Never Apply","0.00","12/01/2023","No","No"
,"Linguistica360, Inc.",,,,,,,,,,,,,,"Other","0",,,,,"0.0.0.0",,,,,,,,,,,,,"No","Yes","Vendors","No",,,"No","Use default configuration","No","Yes",,,,"United States Dollar","0.00","0.00","0","Mastercard","0.00","Never Apply","31.21","11/22/2023","No","No"
,"Canadian Business for Social Responsibility",,,,,,,,,,,,,,"Other","0",,,,,"0.0.0.0",,,,,,,,,,,,,"No","No","Vendors","No",,,"No","Use default configuration","No","Yes",,,,,"0.00","0.00","0",,"0.00","Never Apply","0.00",,"No","No"
"BMACECEGXXX-1010999274","PRIECOR S.A.","Avenida 25 de Junio y Napoleón Mera. Edificio Contempo","Machala",,"Ecuador",,"593 7 294 1129","593 95 893 4182","sarmijos.sapriet@gmail.com",,,"Stalin","Armijos Encalada","0791791022001","Other","0",,,,,"0.0.0.0","Avenida 25 de Junio y Napoleón Mera. Edificio Contempo",,,"Avenida 25 de Junio y Napoleón Mera. Edificio Contempo","Machala",,"Ecuador",,"Avenida 25 de Junio y Napoleón Mera. Edificio Contempo",,,,"No","Yes","Vendors","No",,,"No","Use default configuration","Yes","No",,,,"United States Dollar","38,226.60","0.00","0","Due on receipt","0.00","Never Apply","19,364.04","12/30/2024","No","Yes"
,"Degrandpré Chait",,,,,,,,,,,,,,"Other","0",,,,,"0.0.0.0",,,,,,,,,,,,,"No","Yes","Vendors","No",,,"No","Use default configuration","No","Yes",,,,,"0.00","0.00","0",,"0.00","Never Apply","1,922.16","12/20/2024","No","No"
,"International fresh produce Association",,,,,,,,,,,,,,"Other","0",,,,,"0.0.0.0",,,,,,,,,,,,,"No","Yes","Vendors","No",,,"No","Use default configuration","No","Yes",,,,,"0.00","0.00","0",,"0.00","Never Apply","940.23","01/02/2025","No","No"
"PACIECEG-07996519","ASOCIACION DE DESARROLLO SOCIAL UNION",,,,,,,,,,,,,,"Other","0",,,,,"0.0.0.0",,,,,,,,,,,,,"No","Yes","Vendors","No",,,"No","Use default configuration","No","Yes",,,,,"0.01","0.00","0",,"0.00","Never Apply","10,344.60","01/07/2025","No","No"
,"Monica Chakcal",,,,,,,,,,,,,,"Other","0",,,,,"0.0.0.0",,,,,,,,,,,,,"No","Yes","Vendors","No",,,"No","Use default configuration","No","Yes",,,,,"0.00","0.00","0",,"0.00","Never Apply","135.00","12/07/2022","No","No"
,"Meltwater",,,,,,,,,,,,,,"Other","0",,,,,"0.0.0.0",,,,,,,,,,,,,"No","Yes","Vendors","No",,,"No","Use default configuration","No","Yes",,,,,"0.00","0.00","0",,"0.00","Never Apply","10,117.80","08/12/2024","No","No"
,"Productions Cazabon Inc.",,,,,,,,,,,,,,"Other","0",,,,,"0.0.0.0",,,,,,,,,,,,,"No","Yes","Vendors","No",,,"No","Use default configuration","No","Yes",,,,,"0.00","0.00","0",,"0.00","Never Apply","934.80","11/22/2022","No","No"
"BAALPAPAXXX-114891757","Walter Ugalde Almengor",,,,,,,,,,,,,,"Other","0",,,,,"0.0.0.0",,,,,,,,,,,,,"No","Yes","Vendors","No",,,"No","Use default configuration","No","Yes",,,,,"0.01","0.00","0",,"0.00","Never Apply","5,933.86","01/02/2025","No","No"
,"Feliciaa Richer",,,,,,,,,,,,,,"Other","0",,,,,"0.0.0.0",,,,,,,,,,,,,"No","Yes","Vendors","No",,,"No","Use default configuration","No","Yes",,,,,"0.00","0.00","0",,"0.00","Never Apply","36.00","11/16/2022","No","No"
,"Traffix, 673753 Ontario Limited DBA Traffix","1-375 Wheelabrator Way","Milton","ON","Canada","L9T 3C1","8888345356",,"AR@traffix.com",,,,,,"Other","0",,,,,"0.0.0.0","1-375 Wheelabrator Way",,,"1-375 Wheelabrator Way","Milton","ON","Canada","L9T 3C1","1-375 Wheelabrator Way",,,,"No","Yes","Vendors","No",,,"No","Use default configuration","No","Yes",,,,,"0.00","0.00","30","Net 30","0.00","Never Apply","8,925.00","01/26/2024","No","No"
,"Farm Journal",,,,,,,,,,,,,,"Other","0",,,,,"0.0.0.0",,,,,,,,,,,,,"No","Yes","Vendors","No",,,"No","Use default configuration","No","Yes",,,,,"0.00","0.00","0",,"0.00","Never Apply","4,859.95","11/18/2024","No","No"
,"Marie Lamare",,,,,,,,,,,,,,"Other","0",,,,,"0.0.0.0",,,,,,,,,,,,,"No","Yes","Vendors","No",,,"No","Use default configuration","No","Yes",,,,,"0.00","0.00","0",,"0.00","Never Apply","104.52","06/09/2023","No","No"
,"BananaLink",,,,,,,,,,,,,,"Other","0",,,,,"0.0.0.0",,,,,,,,,,,,,"No","Yes","Vendors","No",,,"No","Use default configuration","No","Yes",,,,,"20.00","0.00","0",,"0.00","Never Apply","3,069.98","11/07/2022","No","No"
,"NSF International",,,,,,,,,,,,,,"Other","0",,,,,"0.0.0.0",,,,,,,,,,,,,"No","Yes","Vendors","No",,,"No","Use default configuration","No","Yes",,,,,"0.00","0.00","0",,"0.00","Never Apply","862.31","11/24/2022","No","No"
,"Eco friendly choices",,,,,,,,,,,,,,"Other","0",,,,,"0.0.0.0",,,,,,,,,,,,,"No","Yes","Vendors","No",,,"No","Use default configuration","No","Yes",,,,,"0.00","0.00","0",,"0.00","Never Apply","24.87","11/07/2022","No","No"
,"Environnement Jeunesse",,,,,,,,,,,,,,"Other","0",,,,,"0.0.0.0",,,,,,,,,,,,,"No","Yes","Vendors","No",,,"No","Use default configuration","No","Yes",,,,,"0.00","0.00","0",,"0.00","Never Apply","110.32","10/30/2024","No","No"
,"Segal & Santillo",,,,,,,,,,,,,,"Other","0",,,,,"0.0.0.0",,,,,,,,,,,,,"No","Yes","Vendors","No",,,"No","Use default configuration","No","Yes",,,,,"0.00","0.00","0",,"0.00","Never Apply","7,494.97","10/27/2022","No","No"
"BBOLECEGXXX-0005310788","Marplantis Organic Sustainable Agriculture","DATILES 416 Y CALLE 6TA","GUAYAQUIL","GUAYAS","Ecuador",,"(593) 042 388457",,"contabilidad@marplantis.com",,,,,,"Other","0",,,,,"0.0.0.0","DATILES 416 Y CALLE 6TA",,,"DATILES 416 Y CALLE 6TA","GUAYAQUIL","GUAYAS","Ecuador",,"DATILES 416 Y CALLE 6TA",,,,"No","Yes","Vendors","No",,,"No","Use default configuration","Yes","Yes",,,,,"158,046.77","0.00","0",,"0.00","Never Apply","68,646.48","01/07/2025","No","Yes"
,"Gerifruit Organic Fruit","Av. León Febres Cordero  Edificio River Plaza  Piso 5 Oficina 505.","Daule","Guayas","Ecuador",,,,"arturoandrade@gerifruit.com",,,"Arturo","Andrade",,"Other","0",,,,,"0.0.0.0","Av. León Febres Cordero","Edificio River Plaza","Piso 5 Oficina 505.","Av. León Febres Cordero  Edificio River Plaza  Piso 5 Oficina 505.","Daule","Guayas","Ecuador",,"Av. León Febres Cordero","Edificio River Plaza","Piso 5 Oficina 505.",,"No","Yes","Vendors","No",,,"No","Use default configuration","No","Yes",,,,"United States Dollar","0.01","0.00","0",,"0.00","Never Apply","10,718.80","02/23/2023","No","Yes"
,"Packer Avenue (Greenwich Terminals LLC)",,,,,,,,,,,,,,"Other","0",,,,,"0.0.0.0",,,,,,,,,,,,,"No","Yes","Vendors","No",,,"No","Use default configuration","No","No",,,,"United States Dollar","0.04","0.00","0","Due on receipt","0.00","Never Apply","1,046.46","02/28/2023","No","No"
,"United Safety Agents",,,,,,,,,,,,,,"Other","0",,,,,"0.0.0.0",,,,,,,,,,,,,"No","Yes","Vendors","No",,,"No","Use default configuration","No","Yes",,,,,"0.00","0.00","0",,"0.00","Never Apply","7,832.86","01/13/2025","No","No"
"BDERUS3M-115076741","Surgesa S.A.","Luque #127","Pedro Carbo","Guayaquil","Ecuador","090307",,,,,,,,,"Other","0",,,,,"0.0.0.0","Luque #127",,,"Luque #127","Pedro Carbo","Guayaquil","Ecuador","090307","Luque #127",,,,"No","Yes","Vendors","No",,,"No","Use default configuration","Yes","No",,,,,"46,959.95","0.00","0",,"0.00","Never Apply","37,295.78","01/07/2025","No","Yes"
,"RightSleeve",,,,,,,,,,,,,,"Other","0",,,,,"0.0.0.0",,,,,,,,,,,,,"No","Yes","Vendors","No",,,"No","Use default configuration","No","Yes",,,,,"0.00","0.00","0",,"0.00","Never Apply","0.00","12/01/2023","No","No"
,"Blue Book Services, Inc.","845 E. GENEVA RD","CAROL STREAM","IL","United States","60188-3520","630 668-3500",,"info@bluebookservices.com","630 668-0303",,,,,"Other","0",,,,,"0.0.0.0","845 E. GENEVA RD",,,"845 E. GENEVA RD","CAROL STREAM","IL","United States","60188-3520","845 E. GENEVA RD",,,,"No","Yes","Vendors","No",,,"No","Use default configuration","No","Yes",,,,,"0.00","0.00","0",,"0.00","Never Apply","2,668.65","11/29/2024","No","No"
,"Golay","136-137 Rue Saint-Ferdinand","Montréal","QC","Canada","H4C 2S6",,,"info@golay.ca",,,,,,"Other","0",,,,,"0.0.0.0","136-137 Rue Saint-Ferdinand",,,"136-137 Rue Saint-Ferdinand","Montréal","QC","Canada","H4C 2S6","136-137 Rue Saint-Ferdinand",,,,"No","Yes","Vendors","No",,,"No","Use default configuration","No","Yes",,,,,"0.00","0.00","0",,"0.00","Never Apply","1,103.76","09/19/2022","No","No"
,"EntreChefs PME",,,,,,,,,,,,,,"Other","0",,,,,"0.0.0.0",,,,,,,,,,,,,"No","Yes","Vendors","No",,,"No","Use default configuration","No","Yes",,,,,"0.00","0.00","0",,"0.00","Never Apply","689.85","08/30/2024","No","No"
,"Kristian G Grafing",,,,,,,,,,,,,,"Other","0",,,,,"0.0.0.0",,,,,,,,,,,,,"No","Yes","Vendors","No",,,"No","Use default configuration","No","Yes",,,,,"0.00","0.00","0",,"0.00","Never Apply","82.65","09/01/2022","No","No"
,"David Melo",,,,,,,,,,,,,,"Other","0",,,,,"0.0.0.0",,,,,,,,,,,,,"No","Yes","Vendors","No",,,"No","Use default configuration","No","Yes",,,,,"0.00","0.00","0",,"0.00","Never Apply","14.94","10/23/2024","No","No"
,"Corporation Inno-Centre du Quebec",,,,,,,,,,,,,,"Other","0",,,,,"0.0.0.0",,,,,,,,,,,,,"No","Yes","Vendors","No",,,"No","Use default configuration","No","Yes",,,,,"0.00","0.00","0",,"0.00","Never Apply","21.59","05/03/2023","No","No"
,"Tik Tok",,,,,,,,,,,,,,"Other","0",,,,,"0.0.0.0",,,,,,,,,,,,,"No","Yes","Vendors","No",,,"No","Use default configuration","Yes","Yes",,,,,"0.00","0.00","0",,"0.00","Never Apply","0.00","11/30/2024","No","No"
,"Université de Sherbrooke",,,,,,,,,,,,,,"Other","0",,,,,"0.0.0.0",,,,,,,,,,,,,"No","Yes","Vendors","No",,,"No","Use default configuration","No","Yes",,,,,"0.00","0.00","0",,"0.00","Never Apply","83.72","06/04/2022","No","No"
"BCINPAPA-677320101","PH Explora",,,,,,,,,,,,,,"Other","0",,,,,"0.0.0.0",,,,,,,,,,,,,"No","Yes","Vendors","No",,,"No","Use default configuration","No","Yes",,,,,"-164,281.25","0.00","0",,"0.00","Never Apply","20,714.50","12/27/2024","No","No"
,"CostcoMarkhamEast",,,,,,,,,,,,,,"Other","0",,,,,"0.0.0.0",,,,,,,,,,,,,"No","Yes","Vendors","No",,,"No","Use default configuration","No","Yes",,,,,"0.00","0.00","0",,"0.00","Never Apply","250.00","05/20/2022","No","No"
,"Naomi Bendayan",,,,,,,,,,,,,,"Other","0",,,,,"0.0.0.0",,,,,,,,,,,,,"No","Yes","Vendors","No",,,"No","Use default configuration","No","Yes",,,,,"0.00","0.00","0",,"0.00","Never Apply","285.14","11/15/2024","No","No"
,"Magasin du Monde du Collège de l’Assomption",,,,,,,,,,,,,,"Other","0",,,,,"0.0.0.0",,,,,,,,,,,,,"No","Yes","Vendors","No",,,"No","Use default configuration","No","Yes",,,,,"0.00","0.00","0",,"0.00","Never Apply","119.20","11/04/2024","No","No"
,"Code Serigraphie & Broderie",,,,,,,,,,,,,,"Other","0",,,,,"0.0.0.0",,,,,,,,,,,,,"No","Yes","Vendors","No",,,"No","Use default configuration","No","Yes",,,,,"0.00","0.00","0",,"0.00","Never Apply","677.20","09/28/2022","No","No"
,"Kiosk Dimensions inc.",,,,,,,,,,,,,,"Other","0",,,,,"0.0.0.0",,,,,,,,,,,,,"No","Yes","Vendors","No",,,"No","Use default configuration","No","No",,,,"Canadian Dollar","0.00","0.00","0","Due on receipt","0.00","Never Apply","339.00","04/06/2023","No","No"
,"SPS",,,,,,,,,,,,,,"Other","0",,,,,"0.0.0.0",,,,,,,,,,,,,"No","Yes","Vendors","No",,,"No","Use default configuration","No","No",,,,"Canadian Dollar","0.00","0.00","0","Mastercard","0.00","Never Apply","156.73","01/08/2025","No","No"
,"Etik & co",,,,,,,,,,,"Loic","de Fabritus Gautier",,"Other","0",,,,,"0.0.0.0",,,,,,,,,,,,,"No","Yes","Vendors","No",,,"No","Use default configuration","No","Yes",,,,,"0.00","0.00","0",,"0.00","Never Apply","226.26","06/13/2022","No","No"
,"Loadex Inc.","1090 South Service Rd. East","Oakvillle","ON","Canada","L6K 2X8","8778356340","9058424001","accounting@loadex.ca","2898160345",,,,,"Other","0",,,,,"0.0.0.0","1090 South Service Rd. East",,,"1090 South Service Rd. East","Oakvillle","ON","Canada","L6K 2X8","1090 South Service Rd. East",,,,"No","Yes","Vendors","No",,,"No","Use default configuration","No","Yes",,,,"United States Dollar","0.00","0.00","30","Net 30","0.00","Never Apply","9,325.51","01/06/2023","No","No"
,"BGY, Rémunération globale et avantages sociaux",,,,,,,,,,,,,,"Other","0",,,,,"0.0.0.0",,,,,,,,,,,,,"No","Yes","Vendors","No",,,"No","Use default configuration","No","Yes",,,,,"0.00","0.00","0",,"0.00","Never Apply","4,024.13","02/22/2022","No","No"
,"Greig Gilbert",,,,,,,,,,,,,,"Other","0",,,,,"0.0.0.0",,,,,,,,,,,,,"No","Yes","Vendors","No",,,"No","Use default configuration","No","Yes",,,,,"0.00","0.00","0",,"0.00","Never Apply","1,350.00","01/31/2022","No","No"
,"VECONINTER USA, LLC.",,,,,,,,,,,,,,"Other","0",,,,,"0.0.0.0",,,,,,,,,,,,,"No","Yes","Vendors","No",,,"No","Use default configuration","No","Yes",,,,,"0.00","0.00","0",,"0.00","Never Apply","253.13","09/13/2024","No","No"
,"Association Végétarienne de Montréal",,,,,,"514-835-1167",,"tresorerie@vegemontreal.org",,"vegemontreal.org",,,,"Other","0",,,,,"0.0.0.0",,,,,,,,,,,,"AVM","No","Yes","Vendors","No",,,"No","Use default configuration","No","No",,,,"Canadian Dollar","0.00","0.00","0","Due on receipt","0.00","Never Apply","1,149.75","01/13/2022","No","No"
,"Association des anciennes et anciens de l'ITA",,,,,,,,"associationanciens.ita@gmail.com",,,"Patrick","Sullivan",,"Other","0",,,,,"0.0.0.0",,,,,,,,,,,,,"No","Yes","Vendors","No",,,"No","Use default configuration","No","No",,,,"Canadian Dollar","0.00","0.00","0","Due on receipt","0.00","Never Apply","275.00","06/07/2022","No","No"
,"Costco_Empties",,,,,,,,,,,,,,"Other","0",,,,,"0.0.0.0",,,,,,,,,,,,,"No","Yes","Vendors","No",,,"No","Use default configuration","No","Yes",,,,,"0.00","0.00","0",,"0.00","Never Apply","0.00","02/16/2022","No","No"
,"Universidad de los Andes",,,,,,,,,,,,,,"Other","0",,,,,"0.0.0.0",,,,,,,,,,,,,"No","Yes","Vendors","No",,,"No","Use default configuration","No","No",,,,"United States Dollar","0.00","0.00","0","Due on receipt","0.00","Never Apply","2,700.00","05/19/2023","No","No"
"002-47696-800028725314","Seaboard Marine Ltd.",,,,,,,,,,,,,,"Other","0",,,,,"0.0.0.0",,,,,,,,,,,,,"No","Yes","Vendors","No",,,"No","Use default configuration","No","No",,,,,"0.00","0.00","0","Due on receipt","0.00","Never Apply","5,888.09","01/09/2025","No","No"
"021300077 - 8739021338","PSA Penn Terminals","1 Saville Avenue","Eddystone,","PA","United States","19022",,,"jsingleton@pennterminals.com",,,"Jill","Singleton",,"Other","0",,,,,"0.0.0.0","1 Saville Avenue",,,"1 Saville Avenue","Eddystone,","PA","United States","19022","1 Saville Avenue",,,,"No","Yes","Vendors","No",,,"No","Use default configuration","No","No",,,,"United States Dollar","0.00","0.00","0","Due on receipt","0.00","Never Apply","2,413.17","05/02/2024","No","No"
,"Costco Finds Canada",,,,,,,,,,,,,,"Other","0",,,,,"0.0.0.0",,,,,,,,,,,,,"No","Yes","Vendors","No",,,"No","Use default configuration","No","No",,,,"Canadian Dollar","0.00","0.00","0","Due on receipt","0.00","Never Apply","357.50","01/31/2023","No","No"
,"Gloucester Terminals LLC","King & Essex Streets  P.O Box 560","Gloucester City","NJ","United States","08030",,,"AccountsReceivable@holtlogistics.com",,,"Priscilla","Hill",,"Other","0",,,,,"0.0.0.0","King & Essex Streets","P.O Box 560",,"King & Essex Streets  P.O Box 560","Gloucester City","NJ","United States","08030","King & Essex Streets","P.O Box 560",,,"No","Yes","Vendors","No",,,"No","Use default configuration","No","No",,,,"United States Dollar","0.01","0.00","0","Due on receipt","0.00","Never Apply","1,384.59","01/08/2025","No","No"
,"Costco Everything",,,,,,,,,,,,,,"Other","0",,,,,"0.0.0.0",,,,,,,,,,,,,"No","Yes","Vendors","No",,,"No","Use default configuration","No","No",,,,,"0.00","0.00","0","Due on receipt","0.00","Never Apply","100.00","12/14/2021","No","No"
,"Zvi Rafilovich",,,,,,,,,,,,,,"Other","0",,,,,"0.0.0.0",,,,,,,,,,,,,"No","No","Vendors","No",,,"No","Use default configuration","No","Yes",,,,,"0.00","0.00","0",,"0.00","Never Apply","0.00",,"No","No"
,"Zoom Video Communications Inc.",,"San Jose",,,"95113",,,,,,,,,"Other","0",,,,,"0.0.0.0",,,,,,,,,,,,,"No","No","Vendors","No",,,"No","Use default configuration","No","Yes",,,,,"0.00","0.00","0",,"0.00","Never Apply","0.00",,"No","No"
,"Wishingstep",,,,,,,,,,,,,,"Other","0",,,,,"0.0.0.0",,,,,,,,,,,,,"No","No","Vendors","No",,,"No","Use default configuration","No","Yes",,,,,"0.00","0.00","0",,"0.00","Never Apply","0.00",,"No","No"
,"William Grandmont",,,,,,,,,,,,,,"Other","0",,,,,"0.0.0.0",,,,,,,,,,,,,"No","No","Vendors","No",,,"No","Use default configuration","No","Yes",,,,,"0.00","0.00","0",,"0.00","Never Apply","0.00",,"No","No"
,"VOLO ATHLETICS INC.",,,,,,,,,,,,,,"Other","0",,,,,"0.0.0.0",,,,,,,,,,,,,"No","No","Vendors","No",,,"No","Use default configuration","No","Yes",,,,,"0.00","0.00","0",,"0.00","Never Apply","0.00",,"No","No"
,"Twitter Inc",,"San Francisco",,,"94103",,,,,,,,,"Other","0",,,,,"0.0.0.0",,,,,,,,,,,,,"No","Yes","Vendors","No",,,"No","Use default configuration","No","Yes",,,,,"0.00","0.00","0",,"0.00","Never Apply","0.00","12/01/2023","No","No"
,"TUX",,"Montréal","Quebec",,"H2S 2M3","(514) 664-5722",,,,,,,,"Other","0",,,,,"0.0.0.0",,,,,,,,,,,,,"No","Yes","Vendors","No",,,"No","Use default configuration","No","Yes",,,,,"0.00","0.00","0",,"0.00","Never Apply","10,025.82","07/07/2022","No","No"
,"Transcontinental Printing 2005 G.P.",,"Saint Laurent","Qc",,"H4N 1X7","(877) 448-6650",,,,,"Michèle Laporte",,,"Other","0",,,,,"0.0.0.0",,,,,,,,,,,,,"No","Yes","Vendors","No",,,"No","Use default configuration","No","Yes",,,,,"0.00","0.00","0",,"0.00","Never Apply","432.31","04/13/2023","No","No"
,"Traffic Tech Inc. CA",,"Kirkland","Quebec",,"H9H 3L1","(844) 764-0002",,,,,,,,"Other","0",,,,,"0.0.0.0",,,,,,,,,,,,,"No","No","Vendors","No",,,"No","Use default configuration","No","Yes",,,,,"0.00","0.00","0",,"0.00","Never Apply","0.00",,"No","No"
,"Traffic Tech Inc.",,"Kirkland","QC",,"H9H 3L1","(800) 663-4721",,,,,,,,"Other","0",,,,,"0.0.0.0",,,,,,,,,,,,,"No","Yes","Vendors","No",,,"No","Use default configuration","No","Yes",,,,"United States Dollar","0.00","0.00","0","Due on receipt","0.00","Never Apply","4,237.70","10/21/2024","No","No"
,"TI Group Inc.",,,,,,,,,,,,,,"Other","0",,,,,"0.0.0.0",,,,,,,,,,,,,"No","Yes","Vendors","No",,,"No","Use default configuration","No","Yes",,,,,"0.00","0.00","0",,"0.00","Never Apply","2,121.01","01/26/2024","No","No"
,"The Ontario Produce Marketing Association",,"Toronto","Ontario",,"M8Y 1H8",,,,,,,,,"Other","0",,,,,"0.0.0.0",,,,,,,,,,,,,"No","Yes","Vendors","No",,,"No","Use default configuration","No","Yes",,,,,"0.00","0.00","0",,"0.00","Never Apply","310.75","11/22/2024","No","No"
,"The Fair Trade Show Inc.",,,,,,,,,,,,,,"Other","0",,,,,"0.0.0.0",,,,,,,,,,,,,"No","No","Vendors","No",,,"No","Use default configuration","No","Yes",,,,,"0.00","0.00","0",,"0.00","Never Apply","0.00",,"No","No"
,"TFI TRANSPORT 3 LP",,,,,,,,,,,,,,"Other","0",,,,,"0.0.0.0",,,,,,,,,,,,,"No","No","Vendors","No",,,"No","Use default configuration","No","Yes",,,,,"0.00","0.00","0",,"0.00","Never Apply","0.00",,"No","No"
,"Ten Acre Marketing",,"Grand Folks","ND",,"58201",,,,,,,,,"Other","0",,,,,"0.0.0.0",,,,,,,,,,,,,"No","Yes","Vendors","No",,,"No","Use default configuration","No","Yes",,,,,"0.00","0.00","0",,"0.00","Never Apply","9,869.04","10/25/2022","No","No"
,"Tedy","Suite 704","Montreal","Quebec",,"H2TA4","(514) 261-8092",,,,,"Sydney Wingender",,,"Other","0",,,,,"0.0.0.0","Suite 704",,,,,,,,,,,,"No","Yes","Vendors","No",,,"No","Use default configuration","No","Yes",,,,,"0.00","0.00","0",,"0.00","Never Apply","330.10","01/06/2025","No","No"
,"Sure Fresh SRL","Carratera Mao Esperanza km 1.5",,"Republica Dominicana",,,,,,,,,,,"Other","0",,,,,"0.0.0.0","Carratera Mao Esperanza km 1.5",,,,,,,,,,,,"No","No","Vendors","No",,,"No","Use default configuration","No","Yes",,,,,"0.00","0.00","0",,"0.00","Never Apply","0.00",,"No","No"
,"Solertia Avantages Sociaux inc.","2065, rue Frank-Carrel, 1er étage","Montreal","QC","Canada","H3R 3L5","(514) 227-8008",,"comptabilite@bgy.ca",,,,,,"Other","0",,,,,"0.0.0.0","2065, rue Frank-Carrel, 1er étage",,,,,,,,,,,,"No","Yes","Vendors","No",,,"No","Use default configuration","No","Yes",,,,,"0.00","0.00","0",,"0.00","Never Apply","2,242.01","06/17/2024","No","No"
,"Sobeys",,"Montreal","Quebec",,"H1G 3J5",,,,,,,,,"Other","0",,,,,"0.0.0.0",,,,,"Montreal","Quebec",,"H1G 3J5",,,,,"No","Yes","Vendors","No",,,"No","Use default configuration","Yes","Yes",,,,,"51,661.39","0.00","0",,"0.00","Never Apply","259.51","10/22/2024","No","No"
,"Smart & Biggar LLP","P.O. Box 2999, Station D","Ottawa","Ontario",,"K1P 6L5","(613) 232-2486",,,,,"Daniel Anthony",,,"Other","0",,,,,"0.0.0.0","P.O. Box 2999, Station D",,,"P.O. Box 2999, Station D","Ottawa","Ontario",,"K1P 6L5","P.O. Box 2999, Station D",,,,"No","Yes","Vendors","No",,,"No","Use default configuration","No","No",,,,,"0.00","0.00","0","Due on receipt","0.00","Never Apply","244.95","01/31/2023","No","No"
,"SignNation Inc.",,"Newmarket","ON",,"L3Y 8Y1",,,,,,,,,"Other","0",,,,,"0.0.0.0",,,,,,,,,,,,,"No","Yes","Vendors","No",,,"No","Use default configuration","No","Yes",,,,,"0.00","0.00","0",,"0.00","Never Apply","1,858.07","08/30/2024","No","No"
,"SEAPORT",,"Brampton","ON",,"L6S 6E9","(905) 595-0230",,,,,,,,"Other","0",,,,,"0.0.0.0",,,,,,,,,,,,,"No","No","Vendors","No",,,"No","Use default configuration","No","Yes",,,,,"0.00","0.00","0",,"0.00","Never Apply","0.00",,"No","No"
"111000012-4426928403","Maersk",,,,,,,,"arem.nicholas@maersk.com",,,,,,"Other","0",,,,,"0.0.0.0",,,,,,,,,,,,,"No","Yes","Vendors","No",,,"No","Use default configuration","No","No",,,,"United States Dollar","0.06","0.00","30","Net 30","0.00","Never Apply","74,496.59","01/09/2025","No","No"
,"Scotlynn Commodities, Inc.","1150 Vittoria Rd.","Vittoria","ON","United States","N0E 1W0","(519) 900-2221",,"slcbilling@scotlynn.com",,,,,,"Other","0",,,,,"0.0.0.0","1150 Vittoria Rd.",,,"1150 Vittoria Rd.","Vittoria","ON","United States","N0E 1W0","1150 Vittoria Rd.",,,,"No","Yes","Vendors","No",,,"No","Use default configuration","No","Yes",,,,,"0.00","0.00","0",,"0.00","Never Apply","5,062.55","08/07/2024","No","No"
,"Sarah Martin",,,,,,,,,,,,,,"Other","0",,,,,"0.0.0.0",,,,,,,,,,,,,"No","No","Vendors","No",,,"No","Use default configuration","No","Yes",,,,,"0.00","0.00","0",,"0.00","Never Apply","0.00",,"No","No"
,"Sarah Lolley",,,,,,,,,,,,,,"Other","0",,,,,"0.0.0.0",,,,,,,,,,,,,"No","No","Vendors","No",,,"No","Use default configuration","No","Yes",,,,,"0.00","0.00","0",,"0.00","Never Apply","0.00",,"No","No"
,"Sage 50cloud Accounting",,,,,,"(866) 867-0672",,,,,,,,"Other","0",,,,,"0.0.0.0",,,,,,,,,,,,,"No","No","Vendors","No",,,"No","Use default configuration","No","Yes",,,,,"0.00","0.00","0",,"0.00","Never Apply","0.00",,"No","No"
,"Ronnie Natra Ihilov",,,,,,,,,,,,,,"Other","0",,,,,"0.0.0.0",,,,,,,,,,,,,"No","No","Vendors","No",,,"No","Use default configuration","No","Yes",,,,,"0.00","0.00","0",,"0.00","Never Apply","0.00",,"No","No"
,"Rock the Bike !",,"Oakland","CA",,"94608",,,,,,,,,"Other","0",,,,,"0.0.0.0",,,,,,,,,,,,,"No","No","Vendors","No",,,"No","Use default configuration","No","Yes",,,,,"0.00","0.00","0",,"0.00","Never Apply","0.00",,"No","No"
,"Revenu Quebec",,,,,,,,,,,,,,"Other","0",,,,,"0.0.0.0",,,,,,,,,,,,,"No","Yes","Vendors","No",,,"No","Use default configuration","No","Yes",,,,,"-1.42","0.00","0",,"0.00","Never Apply","21,776.00","04/15/2024","No","No"
,"Reece Van Breda",,,,,,,,,,,,,,"Other","0",,,,,"0.0.0.0",,,,,,,,,,,,,"No","No","Vendors","No",,,"No","Use default configuration","No","Yes",,,,,"0.00","0.00","0",,"0.00","Never Apply","0.00",,"No","No"
,"Randi Sayer",,,,,,,,,,,,,,"Other","0",,,,,"0.0.0.0",,,,,,,,,,,,,"No","No","Vendors","No",,,"No","Use default configuration","No","Yes",,,,,"0.00","0.00","0",,"0.00","Never Apply","0.00",,"No","No"
,"Produce Marketing Association",,"Newark","DE",,"19711","1 (302) 607-2159",,,,,"Colleen McDonnell",,,"Other","0",,,,,"0.0.0.0",,,,,,,,,,,,,"No","Yes","Vendors","No",,,"No","Use default configuration","No","Yes",,,,,"0.00","0.00","0",,"0.00","Never Apply","7,169.47","02/02/2022","No","No"
,"PRAGOR","Los Angeles CP60160","Uruapan","Michoacan",,,,,,,,,,,"Other","0",,,,,"0.0.0.0","Los Angeles CP60160",,,,,,,,,,,,"No","No","Vendors","No",,,"No","Use default configuration","No","Yes",,,,,"0.00","0.00","0",,"0.00","Never Apply","0.00",,"No","No"
,"Photography by Jeff Murray",,,,,,,,,,,,,,"Other","0",,,,,"0.0.0.0",,,,,,,,,,,,,"No","No","Vendors","No",,,"No","Use default configuration","No","Yes",,,,,"0.00","0.00","0",,"0.00","Never Apply","0.00",,"No","No"
,"PFENNINGS ORGANIC VEGETABLES",,,,,,,,,,,,,,"Other","0",,,,,"0.0.0.0",,,,,,,,,,,,,"No","No","Vendors","No",,,"No","Use default configuration","No","Yes",,,,,"0.00","0.00","0",,"0.00","Never Apply","0.00",,"No","No"
,"Pellerin Potvin Gagnon",,,,,,,,,,,,,,"Other","0",,,,,"0.0.0.0",,,,,,,,,,,,,"No","No","Vendors","No",,,"No","Use default configuration","No","Yes",,,,,"0.00","0.00","0",,"0.00","Never Apply","0.00",,"No","No"
,"Pamela Riemenschneider",,,,,,,,,,,,,,"Other","0",,,,,"0.0.0.0",,,,,,,,,,,,,"No","No","Vendors","No",,,"No","Use default configuration","No","Yes",,,,,"0.00","0.00","0",,"0.00","Never Apply","0.00",,"No","No"
,"Palmaplast",,,,,,,,,,,,,,"Other","0",,,,,"0.0.0.0",,,,,,,,,,,,,"No","No","Vendors","No",,,"No","Use default configuration","No","Yes",,,,,"0.00","0.00","0",,"0.00","Never Apply","0.00",,"No","No"
,"Paks Snacks LLC",,"Huntington Beach","California",,"92647","(559) 594-7614",,,,,"Patrick Kelly",,,"Other","0",,,,,"0.0.0.0",,,,,"Huntington Beach","California",,"92647",,,,,"No","Yes","Vendors","No",,,"No","Use default configuration","No","Yes",,,,,"0.00","0.00","0",,"0.00","Never Apply","4,128.00","09/13/2024","No","No"
,"Organic Conference",,,,,,,,,,,,,,"Other","0",,,,,"0.0.0.0",,,,,,,,,,,,,"No","No","Vendors","No",,,"No","Use default configuration","No","Yes",,,,,"0.00","0.00","0",,"0.00","Never Apply","0.00",,"No","No"
,"Operadora Portuaria Centroamericana","entre 1era Ave. y Zona Libre","Puerto Cortés","Honduras",,,"(504) 2564-6770",,,,,,,,"Other","0",,,,,"0.0.0.0","entre 1era Ave. y Zona Libre",,,,,,,,,,,,"No","Yes","Vendors","No",,,"No","Use default configuration","Yes","Yes",,,,,"-50.98","0.00","0",,"0.00","Never Apply","205.80","05/10/2024","No","No"
,"Oasis Bags",,,,,,,,,,,,,,"Other","0",,,,,"0.0.0.0",,,,,,,,,,,,,"No","No","Vendors","No",,,"No","Use default configuration","No","Yes",,,,,"0.00","0.00","0",,"0.00","Never Apply","0.00",,"No","No"
,"Noelle Le Conte-Good",,,,,,,,,,,,,,"Other","0",,,,,"0.0.0.0",,,,,,,,,,,,,"No","No","Vendors","No",,,"No","Use default configuration","No","Yes",,,,,"0.00","0.00","0",,"0.00","Never Apply","0.00",,"No","No"
,"Nishal Vipul Shah",,"Toronto","Ontario",,"M2N 6H8","(647) 455-1293",,,,,,,,"Other","0",,,,,"0.0.0.0",,,,,,,,,,,,,"No","Yes","Vendors","No",,,"No","Use default configuration","No","Yes",,,,,"0.00","0.00","0",,"0.00","Never Apply","63.33","09/07/2022","No","No"
,"Nicoverde S.A.",,"San Carlos","Alajuela",,,,,,,,,,,"Other","0",,,,,"0.0.0.0",,,,,,,,,,,,,"No","No","Vendors","No",,,"No","Use default configuration","No","Yes",,,,,"0.00","0.00","0",,"0.00","Never Apply","0.00",,"No","No"
,"MUSKET TRANSPORT LTD",,"MISSISSAUGA","ONTARIO",,"L5J 1K5","(905) 823-7800",,,,,,,,"Other","0",,,,,"0.0.0.0",,,,,,,,,,,,,"No","No","Vendors","No",,,"No","Use default configuration","No","Yes",,,,,"0.00","0.00","0",,"0.00","Never Apply","0.00",,"No","No"
,"MTMX Logistics",,,,,,,,,,,,,,"Other","0",,,,,"0.0.0.0",,,,,,,,,,,,,"No","No","Vendors","No",,,"No","Use default configuration","No","Yes",,,,,"0.00","0.00","0",,"0.00","Never Apply","0.00",,"No","No"
,"MSC",,,,,,,,,,,,,,"Other","0",,,,,"0.0.0.0",,,,,,,,,,,,,"No","Yes","Vendors","No",,,"No","Use default configuration","No","Yes",,,,,"0.00","0.00","0",,"0.00","Never Apply","0.00","03/16/2022","No","No"
,"MOL",,,,,,,,,,,,,,"Other","0",,,,,"0.0.0.0",,,,,,,,,,,,,"No","No","Vendors","No",,,"No","Use default configuration","No","Yes",,,,,"0.00","0.00","0",,"0.00","Never Apply","0.00",,"No","No"
,"MNP LLP",,,,,,,,,,,,,,"Other","0",,,,,"0.0.0.0",,,,,,,,,,,,,"No","No","Vendors","No",,,"No","Use default configuration","No","Yes",,,,,"0.00","0.00","0",,"0.00","Never Apply","0.00",,"No","No"
,"Ministère du revenu du Québec",,,,,,,,,,,,,,"Other","0",,,,,"0.0.0.0",,,,,,,,,,,,,"No","Yes","Vendors","No",,,"No","Use default configuration","No","Yes",,,,,"-47,969.74","0.00","0",,"0.00","Never Apply","0.00",,"No","No"
,"Michelle Gubbels",,,,,,,,,,,,,,"Other","0",,,,,"0.0.0.0",,,,,,,,,,,,,"No","Yes","Vendors","No",,,"No","Use default configuration","No","Yes",,,,,"0.00","0.00","0",,"0.00","Never Apply","174.30","08/14/2024","No","No"
,"Michele Pulichino",,"Candiac","QC",,"J5R 5P8","(514) 616-2565",,,,,,,,"Other","0",,,,,"0.0.0.0",,,,,,,,,,,,,"No","Yes","Vendors","No",,,"No","Use default configuration","No","Yes",,,,,"0.00","0.00","0",,"0.00","Never Apply","2,095.42","12/20/2024","No","No"
,"Melanie Vert",,,,,,,,,,,,,,"Other","0",,,,,"0.0.0.0",,,,,,,,,,,,,"No","Yes","Vendors","No",,,"No","Use default configuration","No","Yes",,,,,"0.00","0.00","0",,"0.00","Never Apply","21.10","06/13/2022","No","No"
,"Matthew Banks",,,,,,,,,,,,,,"Other","0",,,,,"0.0.0.0",,,,,,,,,,,,,"No","No","Vendors","No",,,"No","Use default configuration","No","Yes",,,,,"0.00","0.00","0",,"0.00","Never Apply","0.00",,"No","No"
,"Mastercard",,,,,,,,,,,,,,"Other","0",,,,,"0.0.0.0",,,,,,,,,,,,,"No","Yes","Vendors","No",,,"No","Use default configuration","Yes","Yes",,,,,"0.00","0.00","0",,"0.00","Never Apply","0.00","11/30/2024","No","No"
,"Maryann Moffitt",,,,,,,,,,,,,,"Other","0",,,,,"0.0.0.0",,,,,,,,,,,,,"No","No","Vendors","No",,,"No","Use default configuration","No","Yes",,,,,"0.00","0.00","0",,"0.00","Never Apply","0.00",,"No","No"
,"Mardiempre",,,,,,,,,,,,,,"Other","0",,,,,"0.0.0.0",,,,,,,,,,,,,"No","No","Vendors","No",,,"No","Use default configuration","No","Yes",,,,,"0.00","0.00","0",,"0.00","Never Apply","0.00",,"No","No"
,"Manor House Group Limited",,"Oakville","ON",,"L6H 6R1","(905) 339-1279",,,,,,,,"Other","0",,,,,"0.0.0.0",,,,,,,,,,,,,"No","No","Vendors","No",,,"No","Use default configuration","No","Yes",,,,,"0.00","0.00","0",,"0.00","Never Apply","0.00",,"No","No"
,"Magaya","Suite 300","Miami","Florida",,"33166","(786) 845-9150",,,,,"Joel Martinez",,,"Other","0",,,,,"0.0.0.0","Suite 300",,,,,,,,,,,,"No","Yes","Vendors","No",,,"No","Use default configuration","Yes","Yes",,,,,"1,641.58","0.00","0",,"0.00","Never Apply","1,651.32","12/06/2024","No","No"
,"Madison Hopper",,,,,,,,,,,,,,"Other","0",,,,,"0.0.0.0",,,,,,,,,,,,,"No","Yes","Vendors","No",,,"No","Use default configuration","No","Yes",,,,,"0.00","0.00","0",,"0.00","Never Apply","2,232.90","12/24/2024","No","No"
,"Lyndsay Alves",,,,,,,,,,,,,,"Other","0",,,,,"0.0.0.0",,,,,,,,,,,,,"No","No","Vendors","No",,,"No","Use default configuration","No","Yes",,,,,"0.00","0.00","0",,"0.00","Never Apply","0.00",,"No","No"
,"Loubna El Wacham",,,,,,,,,,,,,,"Other","0",,,,,"0.0.0.0",,,,,,,,,,,,,"No","Yes","Vendors","No",,,"No","Use default configuration","No","Yes",,,,,"17.22","0.00","0",,"0.00","Never Apply","125.44","09/06/2024","No","No"
,"Longo Brothers Fruit Markets Inc",,"Vaughan","ON",,"L4H 3M6",,,,,,,,,"Other","0",,,,,"0.0.0.0",,,,,,,,,,,,,"No","Yes","Vendors","No",,,"No","Use default configuration","No","Yes",,,,,"0.00","0.00","0",,"0.00","Never Apply","25,000.00","11/30/2023","No","No"
,"Lisa Sim",,,,,,,,,,,,,,"Other","0",,,,,"0.0.0.0",,,,,,,,,,,,,"No","Yes","Vendors","No",,,"No","Use default configuration","No","Yes",,,,,"0.00","0.00","0",,"0.00","Never Apply","800.00","07/12/2024","No","No"
,"Linkedin",,,,,,,,,,,,,,"Other","0",,,,,"0.0.0.0",,,,,,,,,,,,,"No","Yes","Vendors","No",,,"No","Use default configuration","No","Yes",,,,,"0.00","0.00","0",,"0.00","Never Apply","0.00","11/30/2024","No","No"
,"Lindsay Walker",,,,,,,,,,,,,,"Other","0",,,,,"0.0.0.0",,,,,,,,,,,,,"No","No","Vendors","No",,,"No","Use default configuration","No","Yes",,,,,"0.00","0.00","0",,"0.00","Never Apply","0.00",,"No","No"
,"Linda Labrosse",,,,,,,,,,,,,,"Other","0",,,,,"0.0.0.0",,,,,,,,,,,,,"No","No","Vendors","No",,,"No","Use default configuration","No","Yes",,,,,"0.00","0.00","0",,"0.00","Never Apply","0.00",,"No","No"
,"Beneva",,,,,,,,,,,,,,"Other","0",,,,,"0.0.0.0",,,,,,,,,,,,,"No","Yes","Vendors","No",,,"No","Use default configuration","Yes","Yes",,,,,"5,967.68","0.00","0",,"0.00","Never Apply","5,422.50","12/16/2024","No","No"
,"Consultation M365","500-2525 Boul Daniel-Johnson","Laval","QC","Canada","H7T 1S9","(450) 910-1605",,"facturation@cm365.ca",,,,,,"Other","0",,,,,"0.0.0.0","500-2525 Boul Daniel-Johnson",,,"500-2525 Boul Daniel-Johnson","Laval","QC","Canada","H7T 1S9","500-2525 Boul Daniel-Johnson",,,,"No","Yes","Vendors","No",,,"No","Use default configuration","Yes","Yes",,,,,"0.00","0.00","0",,"0.00","Never Apply","192.24","10/01/2024","No","No"
,"Kingston Fresh","Suite 207","Idaho Falls",,,,"(208) 522-2365",,,,,,,,"Other","0",,,,,"0.0.0.0","Suite 207",,,,,,,,,,,,"No","No","Vendors","No",,,"No","Use default configuration","No","Yes",,,,,"0.00","0.00","0",,"0.00","Never Apply","0.00",,"No","No"
,"Kim Chackal",,,,,,,,,,,,,,"Other","0",,,,,"0.0.0.0",,,,,,,,,,,,,"No","Yes","Vendors","No",,,"No","Use default configuration","No","Yes",,,,,"0.00","0.00","0",,"0.00","Never Apply","394.69","12/10/2024","No","No"
,"Karyne Manseau",,,,,,,,,,,,,,"Other","0",,,,,"0.0.0.0",,,,,,,,,,,,,"No","Yes","Vendors","No",,,"No","Use default configuration","No","Yes",,,,,"0.00","0.00","0",,"0.00","Never Apply","972.11","11/22/2024","No","No"
,"Jess Kaluchi",,"Toronto","ON",,"M3A 2H4","(647) 527-0706",,,,,"Jess Kaluchi",,,"Other","0",,,,,"0.0.0.0",,,,,,,,,,,,,"No","No","Vendors","No",,,"No","Use default configuration","No","Yes",,,,,"0.00","0.00","0",,"0.00","Never Apply","0.00",,"No","No"
,"Jennie Coleman",,,,,,,,,,,,,,"Other","0",,,,,"0.0.0.0",,,,,,,,,,,,,"No","Yes","Vendors","No",,,"No","Use default configuration","No","Yes",,,,,"0.00","0.00","0",,"0.00","Never Apply","0.00","12/01/2023","No","No"
,"J.O. Alvarez Inc",,"Laredo","Texas",,"78042",,,,,,,,,"Other","0",,,,,"0.0.0.0",,,,,,,,,,,,,"No","No","Vendors","No",,,"No","Use default configuration","No","Yes",,,,,"0.00","0.00","0",,"0.00","Never Apply","0.00",,"No","No"
,"ITradeNetwork","P.O. Box 12409","Pleasanton","CA","United States","94588",,,,,,,,,"Other","0",,,,,"0.0.0.0","P.O. Box 12409",,,"P.O. Box 12409","Pleasanton","CA","United States","94588","P.O. Box 12409",,,,"No","Yes","Vendors","No",,,"No","Use default configuration","No","Yes",,,,,"0.00","0.00","0",,"0.00","Never Apply","13,151.13","06/26/2024","No","No"
,"IPIC",,"Montréal","QC",,"H4J 1E1",,,,,,"Alexandre Ben-Amor",,,"Other","0",,,,,"0.0.0.0",,,,,,,,,,,,,"No","No","Vendors","No",,,"No","Use default configuration","No","Yes",,,,,"0.00","0.00","0",,"0.00","Never Apply","0.00",,"No","No"
,"Insignia",,,,,,,,,,,,,,"Other","0",,,,,"0.0.0.0",,,,,,,,,,,,,"No","No","Vendors","No",,,"No","Use default configuration","No","Yes",,,,,"0.00","0.00","0",,"0.00","Never Apply","0.00",,"No","No"
,"Imprimeries transcontinental Inc.",,,,,,,,,,,,,,"Other","0",,,,,"0.0.0.0",,,,,,,,,,,,,"No","No","Vendors","No",,,"No","Use default configuration","No","Yes",,,,,"0.00","0.00","0",,"0.00","Never Apply","0.00",,"No","No"
,"Humber College",,,,,,,,,,,,,,"Other","0",,,,,"0.0.0.0",,,,,,,,,,,,,"No","No","Vendors","No",,,"No","Use default configuration","No","Yes",,,,,"0.00","0.00","0",,"0.00","Never Apply","0.00",,"No","No"
,"Holt Cargo Systems LLC",,"Gloucester City","NJ",,"8030",,,,,,,,,"Other","0",,,,,"0.0.0.0",,,,,"Gloucester City","NJ",,"8030",,,,,"No","Yes","Vendors","No",,,"No","Use default configuration","Yes","No",,,,"United States Dollar","96,130.12","0.00","30","Net 30","0.00","Monthly (1)","22,656.48","01/09/2025","No","No"
,"Holosonic",,,,,,,,,,,,,,"Other","0",,,,,"0.0.0.0",,,,,,,,,,,,,"No","No","Vendors","No",,,"No","Use default configuration","No","Yes",,,,,"0.00","0.00","0",,"0.00","Never Apply","0.00",,"No","No"
,"Harlyn Transport",,"Pointe-Claire","Québec",,"H9R 1A1","(514) 697-9695",,,,,,,,"Other","0",,,,,"0.0.0.0",,,,,,,,,,,,,"No","Yes","Vendors","No",,,"No","Use default configuration","No","Yes",,,,,"0.00","0.00","0",,"0.00","Never Apply","400.00","02/01/2022","No","No"
,"Hamburg Sud",,,,,,,,,,,,,,"Other","0",,,,,"0.0.0.0",,,,,,,,,,,,,"No","No","Vendors","No",,,"No","Use default configuration","No","Yes",,,,,"0.00","0.00","0",,"0.00","Never Apply","0.00",,"No","No"
,"GWBR","#1001","Montréal","Québec",,"H3Z 2P9",,,,,,,,,"Other","0",,,,,"0.0.0.0","#1001",,,,,,,,,,,,"No","Yes","Vendors","No",,,"No","Use default configuration","No","Yes",,,,,"0.00","0.00","0",,"0.00","Never Apply","126.98","01/12/2022","No","No"
,"GT INTERMODAL",,"Montréal","QC",,"H1C 2A2","(514) 648-4848",,,,,,,,"Other","0",,,,,"0.0.0.0",,,,,,,,,,,,,"No","No","Vendors","No",,,"No","Use default configuration","No","Yes",,,,,"0.00","0.00","0",,"0.00","Never Apply","0.00",,"No","No"
,"GS1 Canada",,,,,,,,,,,,,,"Other","0",,,,,"0.0.0.0",,,,,,,,,,,,,"No","Yes","Vendors","No",,,"No","Use default configuration","No","Yes",,,,,"0.00","0.00","0",,"0.00","Never Apply","1,810.86","09/06/2024","No","No"
,"Groupe Export Agroalimentaire",,"Sainte Julie","QC",,"J3E 1Y9","(450) 649-6266",,,,,,,,"Other","0",,,,,"0.0.0.0",,,,,,,,,,,,,"No","No","Vendors","No",,,"No","Use default configuration","No","Yes",,,,,"0.00","0.00","0",,"0.00","Never Apply","0.00",,"No","No"
"003-1051507-01822","Grocery Business Media Inc.",,"Bowmanville","ON",,"L1C 0H0","(905) 697-0467",,,,,,,,"Other","0",,,,,"0.0.0.0",,,,,"Bowmanville","ON",,"L1C 0H0",,,,,"No","Yes","Vendors","No",,,"No","Use default configuration","No","Yes",,,,,"0.00","0.00","0",,"0.00","Never Apply","3,107.50","04/10/2024","No","No"
,"Greenwich Terminals LLC",,,,,,,,,,,,,,"Other","0",,,,,"0.0.0.0",,,,,,,,,,,,,"No","Yes","Vendors","No",,,"No","Use default configuration","No","Yes",,,,,"0.01","0.00","0",,"0.00","Never Apply","1,074.03","01/09/2025","No","No"
,"Green Campus Co-operative","Ross Building, S764","Totonto","Ontario",,"M3J 1P3",,,,,,,,,"Other","0",,,,,"0.0.0.0","Ross Building, S764",,,,,,,,,,,,"No","Yes","Vendors","No",,,"No","Use default configuration","No","Yes",,,,,"4,672.32","0.00","0",,"0.00","Never Apply","0.00",,"No","No"
,"GEODIS USA inc",,"Philadelphia",,,,"(215) 238-8600",,,,,,,,"Other","0",,,,,"0.0.0.0",,,,,,,,,,,,,"No","No","Vendors","No",,,"No","Use default configuration","No","Yes",,,,,"0.00","0.00","0",,"0.00","Never Apply","0.00",,"No","No"
,"GDFD2U",,,,,,,,,,,,,,"Other","0",,,,,"0.0.0.0",,,,,,,,,,,,,"No","No","Vendors","No",,,"No","Use default configuration","No","Yes",,,,,"0.00","0.00","0",,"0.00","Never Apply","0.00",,"No","No"
,"Gambles","302 Dwight Avenue","Toronto","ON","Canada","M8V2W7","416-259-6397",,,"416-259-1564",,,,,"Other","0",,,,,"0.0.0.0","302 Dwight Avenue",,,"302 Dwight Avenue","Toronto","ON","Canada","M8V2W7","302 Dwight Avenue",,,,"No","Yes","Vendors","No",,,"No","Use default configuration","No","Yes",,,,,"0.00","0.00","0",,"0.00","Never Apply","137.50","11/24/2022","No","No"
,"Gaida & Steph Inc.",,,,,,,,,,,,,,"Other","0",,,,,"0.0.0.0",,,,,,,,,,,,,"No","Yes","Vendors","No",,,"No","Use default configuration","No","Yes",,,,,"0.00","0.00","0",,"0.00","Never Apply","3,449.25","09/28/2023","No","No"
,"Gabrielle Carrier",,,,,,,,,,,,,,"Other","0",,,,,"0.0.0.0",,,,,,,,,,,,,"No","No","Vendors","No",,,"No","Use default configuration","No","Yes",,,,,"0.00","0.00","0",,"0.00","Never Apply","0.00",,"No","No"
,"Gabriela Montalvo Pereira",,,,,,,,,,,,,,"Other","0",,,,,"0.0.0.0",,,,,,,,,,,,,"No","No","Vendors","No",,,"No","Use default configuration","No","Yes",,,,,"0.00","0.00","0",,"0.00","Never Apply","0.00",,"No","No"
,"G lagence","Bureau 510","Montréal","Québec",,"H2Y 2R6","(514) 985-4181",,,,,,,,"Other","0",,,,,"0.0.0.0","Bureau 510",,,,,,,,,,,,"No","No","Vendors","No",,,"No","Use default configuration","No","Yes",,,,,"0.00","0.00","0",,"0.00","Never Apply","0.00",,"No","No"
,"Frédérick Martin",,,,,,,,,,,,,,"Other","0",,,,,"0.0.0.0",,,,,,,,,,,,,"No","No","Vendors","No",,,"No","Use default configuration","No","Yes",,,,,"0.00","0.00","0",,"0.00","Never Apply","0.00",,"No","No"
,"Francois Gervais",,,,,,,,,,,,,,"Other","0",,,,,"0.0.0.0",,,,,,,,,,,,,"No","No","Vendors","No",,,"No","Use default configuration","No","Yes",,,,,"0.00","0.00","0",,"0.00","Never Apply","0.00",,"No","No"
,"Food and Agriculture Organization of the United Nations",,,,,,,,,,,,,,"Other","0",,,,,"0.0.0.0",,,,,,,,,,,,,"No","Yes","Vendors","No",,,"No","Use default configuration","No","Yes",,,,,"0.00","0.00","0",,"0.00","Never Apply","7,425.23","02/28/2024","No","No"
,"Fernwood Publishing Company Limited",,"Black Point","NS",,"B0J 1B0",,,,,,,,,"Other","0",,,,,"0.0.0.0",,,,,,,,,,,,,"No","Yes","Vendors","No",,,"No","Use default configuration","No","Yes",,,,,"898.67","0.00","0",,"0.00","Never Apply","0.00",,"No","No"
,"FEDEX",,,,,,,,,,,,,,"Other","0",,,,,"0.0.0.0",,,,,,,,,,,,,"No","Yes","Vendors","No",,,"No","Use default configuration","No","No",,,,"Canadian Dollar","0.00","0.00","15","Net 15","0.00","Weekly","49.04","06/22/2023","No","No"
,"FE inspection",,"Berthierville","Québec",,"J0K 1A0","(514) 829-4936",,,,,"Americo Quispe",,,"Other","0",,,,,"0.0.0.0",,,,,,,,,,,,,"No","Yes","Vendors","No",,,"No","Use default configuration","Yes","Yes",,,,,"310.75","0.00","0",,"0.00","Never Apply","310.75","01/09/2025","No","No"
,"Faxinating Solutions Inc","Bureau 310","Dorval","Quebec",,"H9P 2V4","(514) 459-0211",,,,,,,,"Other","0",,,,,"0.0.0.0","Bureau 310",,,,,,,,,,,,"No","No","Vendors","No",,,"No","Use default configuration","No","Yes",,,,,"0.00","0.00","0",,"0.00","Never Apply","0.00",,"No","No"
,"Fairtrade Canada inc.",,"Ottawa","ON",,"K1R 6K7",,,,,,,,,"Other","0",,,,,"0.0.0.0",,,,,"Ottawa","ON",,"K1R 6K7",,,,,"No","Yes","Vendors","No",,,"No","Use default configuration","Yes","Yes",,,,,"0.00","0.00","0",,"0.00","Never Apply","2,299.50","11/07/2024","No","No"
,"Meta",,,,,,,,,,,,,,"Other","0",,,,,"0.0.0.0",,,,,,,,,,,,,"No","Yes","Vendors","No",,,"No","Use default configuration","Yes","Yes",,,,,"0.00","0.00","0",,"0.00","Never Apply","0.00","11/30/2024","No","No"
,"Expo Manger Santé Inc",,,,,,,,,,,,,,"Other","0",,,,,"0.0.0.0",,,,,,,,,,,,,"No","Yes","Vendors","No",,,"No","Use default configuration","No","Yes",,,,,"0.00","0.00","0",,"0.00","Never Apply","1,261.85","01/11/2023","No","No"
,"Execulytics consulting",,"Milton","Ontario",,"L9T 3V5",,,,,,,,,"Other","0",,,,,"0.0.0.0",,,,,,,,,,,,,"No","No","Vendors","No",,,"No","Use default configuration","No","Yes",,,,,"0.00","0.00","0",,"0.00","Never Apply","0.00",,"No","No"
,"TELUS Solutions en santé inc.",,"Westmount","Qc",,"H3Z 2Z3",,,,,,,,,"Other","0",,,,,"0.0.0.0",,,,,"Westmount","Qc",,"H3Z 2Z3",,,,,"No","Yes","Vendors","No",,,"No","Use default configuration","Yes","Yes",,,,,"117.27","0.00","0",,"0.00","Never Apply","117.27","12/17/2024","No","No"
,"Element 54 Inc.",,"Westmount","Qc",,"H3Z 2M6","(514) 508-5487",,,,,,,,"Other","0",,,,,"0.0.0.0",,,,,,,,,,,,,"No","Yes","Vendors","No",,,"No","Use default configuration","No","Yes",,,,,"0.00","0.00","0",,"0.00","Never Apply","3,794.18","12/07/2021","No","No"
"PICHECEQXXX-3484885100","ASOGUABO","VIA PANAMERICANA SUR Y QUINTA OESTE","El Guabo","El Oro","Ecuador","070115","593 7 2950088",,"agustin.marin@asoguabo.com.ec",,,,,,"Other","0",,,,,"0.0.0.0","VIA PANAMERICANA SUR Y QUINTA OESTE",,,"VIA PANAMERICANA SUR Y QUINTA OESTE","El Guabo","El Oro","Ecuador","070115","VIA PANAMERICANA SUR Y QUINTA OESTE",,,,"No","Yes","Vendors","No",,,"No","Use default configuration","No","Yes",,,,"United States Dollar","61,112.29","0.00","0","Due on receipt","0.00","Never Apply","19,075.45","01/10/2025","No","Yes"
,"Ecocert Canada",,,,,,,,,,,,,,"Other","0",,,,,"0.0.0.0",,,,,,,,,,,,,"No","Yes","Vendors","No",,,"No","Use default configuration","No","Yes",,,,,"0.00","0.00","0",,"0.00","Never Apply","59.10","12/12/2024","No","No"
,"East Coast",,"Elizabeth","NJ",,"7201",,,,,,,,,"Other","0",,,,,"0.0.0.0",,,,,,,,,,,,,"No","Yes","Vendors","No",,,"No","Use default configuration","No","Yes",,,,,"0.00","0.00","0",,"0.00","Never Apply","3,649.05","04/11/2023","No","No"
,"Desjardins Assurances",,"Lévis","Québec",,"G6V 6R2","(514) 286-3100",,,,,,,,"Other","0",,,,,"0.0.0.0",,,,,"Lévis","Québec",,"G6V 6R2",,,,,"No","Yes","Vendors","No",,,"No","Use default configuration","No","Yes",,,,,"0.00","0.00","0",,"0.00","Never Apply","4,091.53","12/24/2024","No","No"
"036076150-6238670766","Delaware Avenue Enterprises Inc",,"Philadelphia","PA",,"19148",,,"AccountsReceivable@HoltLogistics.com",,,,,,"Other","0",,,,,"0.0.0.0",,,,,"Philadelphia","PA",,"19148",,,,,"No","Yes","Vendors","No",,,"No","Use default configuration","No","No",,,,"United States Dollar","0.00","0.00","0","Due on receipt","0.00","Never Apply","20,627.04","01/09/2025","No","No"
"026009593-1416201994","Del Monte Fresh Produce Company",,"Coral Gables","FL","United States",,,,,,,,,,"Other","0",,,,,"0.0.0.0",,,,,"Coral Gables","FL","United States",,,,,,"No","Yes","Vendors","No",,,"No","Use default configuration","No","Yes",,,,,"0.03","0.00","0",,"0.00","Never Apply","5,717.56","09/18/2024","No","No"
,"Dayton Self Storage",,"Toronto","Ontario",,"M1B 5S1","(416) 281-6655",,,,,,,,"Other","0",,,,,"0.0.0.0",,,,,,,,,,,,,"No","Yes","Vendors","No",,,"No","Use default configuration","No","Yes",,,,,"0.00","0.00","0",,"0.00","Never Apply","0.00","12/23/2021","No","No"
,"Courchesne Larose, Ltee",,"Montreal","Qc",,"H1J 0A6","(514) 525-6381",,,,,,,,"Other","0",,,,,"0.0.0.0",,,,,,,,,,,,,"No","Yes","Vendors","No",,,"No","Use default configuration","No","Yes",,,,,"536.93","0.00","0",,"0.00","Never Apply","150.48","10/06/2023","No","No"
,"Corporation de règlement des différends dans les fru","930 Carling Avenue","Ottawa","Ontario",,"K1A 0C6","(613) 234-0982",,,,,,,,"Other","0",,,,,"0.0.0.0","930 Carling Avenue",,,,,,,,,,,,"No","Yes","Vendors","No",,,"No","Use default configuration","No","Yes",,,,,"0.00","0.00","0",,"0.00","Never Apply","1,337.70","12/20/2024","No","No"
,"COQUIMBA","Parque Las Rosas 1/2 Cuadra Al Sur","Chinandega",,"Nicaragua",,"505 2341-3882",,"eubillag@coquimba.com",,,,,,"Other","0",,,,,"0.0.0.0","Parque Las Rosas 1/2 Cuadra Al Sur",,,"Parque Las Rosas 1/2 Cuadra Al Sur","Chinandega",,"Nicaragua",,"Parque Las Rosas 1/2 Cuadra Al Sur",,,,"No","Yes","Vendors","No",,,"No","Use default configuration","Yes","Yes",,,,,"-1,115,524.83","0.00","0",,"0.00","Never Apply","3,918.96","11/07/2024","No","Yes"
,"Communications Grenier inc.","Succ. Laval-Ouest","Laval","Québec",,"H7R 5Z2","(514) 747-3455",,,,,"Stéphanie Maltais",,,"Other","0",,,,,"0.0.0.0","Succ. Laval-Ouest",,,,,,,,,,,,"No","Yes","Vendors","No",,,"No","Use default configuration","No","Yes",,,,,"0.00","0.00","0",,"0.00","Never Apply","0.00","12/01/2023","No","No"
"026009593-252527820","Coliman Pacific Corporation","10201 S 51st. Street Suite 127","Phoenix","AZ","United States","85044","480-598-8525",,,"480) 705-0603","www.coliman.com",,,,"Other","0",,,,,"0.0.0.0","10201 S 51st. Street Suite 127",,,"10201 S 51st. Street Suite 127","Phoenix","AZ","United States","85044","10201 S 51st. Street Suite 127",,,,"No","Yes","Vendors","No",,,"No","Use default configuration","Yes","Yes",,,,,"53,231.62","0.00","0",,"0.00","Never Apply","60,322.52","01/08/2025","No","Yes"
,"CNESST",,,,,,,,,,,,,,"Other","0",,,,,"0.0.0.0",,,,,,,,,,,,,"No","No","Vendors","No",,,"No","Use default configuration","No","Yes",,,,,"0.00","0.00","0",,"0.00","Never Apply","0.00",,"No","No"
,"CIBIM",,,,,,,,,,,,,,"Other","0",,,,,"0.0.0.0",,,,,,,,,,,,,"No","Yes","Vendors","No",,,"No","Use default configuration","No","Yes",,,,,"0.00","0.00","0",,"0.00","Never Apply","172.46","09/20/2024","No","No"
,"Chic Sophistic Inc.",,"Toronto","Ontario",,"M5H 0B1","(647) 550-0205",,,,,"Stephanie Kalen",,,"Other","0",,,,,"0.0.0.0",,,,,,,,,,,,,"No","Yes","Vendors","No",,,"No","Use default configuration","No","Yes",,,,,"0.00","0.00","0",,"0.00","Never Apply","1,153.52","04/12/2022","No","No"
,"Dayforce",,,,,,,,,,,,,,"Other","0",,,,,"0.0.0.0",,,,,,,,,,,,,"No","Yes","Vendors","No",,,"No","Use default configuration","No","Yes",,,,,"0.00","0.00","0",,"0.00","Never Apply","59,075.90","01/06/2025","No","No"
,"CDC Drummond",,"Drummondville",,,"J2C 1M5",,,,,,,,,"Other","0",,,,,"0.0.0.0",,,,,,,,,,,,,"No","No","Vendors","No",,,"No","Use default configuration","No","Yes",,,,,"0.00","0.00","0",,"0.00","Never Apply","0.00",,"No","No"
,"Capitol Corporate Services, Inc.",,"Dover","Delaware",,"19901","(800) 345-4647",,,,,,,,"Other","0",,,,,"0.0.0.0",,,,,,,,,,,,,"No","Yes","Vendors","No",,,"No","Use default configuration","No","Yes",,,,,"0.00","0.00","0",,"0.00","Never Apply","408.00","04/25/2024","No","No"
,"Canadian Produce Marketing Association",,,,,,,,,,,,,,"Other","0",,,,,"0.0.0.0",,,,,,,,,,,,,"No","Yes","Vendors","No",,,"No","Use default configuration","No","Yes",,,,,"0.00","0.00","0",,"0.00","Never Apply","5,000.00","10/31/2024","No","No"
,"Canadian Fair Trade Network",,,,,,,,,,,,,,"Other","0",,,,,"0.0.0.0",,,,,,,,,,,,,"No","No","Vendors","No",,,"No","Use default configuration","No","Yes",,,,,"0.00","0.00","0",,"0.00","Never Apply","0.00",,"No","No"
,"Canadawide Fruit Wholesalers, Inc",,,,,,,,,,,,,,"Other","0",,,,,"0.0.0.0",,,,,,,,,,,,,"No","No","Vendors","No",,,"No","Use default configuration","No","Yes",,,,,"0.00","0.00","0",,"0.00","Never Apply","0.00",,"No","No"
,"Canada Post",,,,,,,,,,,,,,"Other","0",,,,,"0.0.0.0",,,,,,,,,,,,,"No","Yes","Vendors","No",,,"No","Use default configuration","No","Yes",,,,,"0.00","0.00","0",,"0.00","Never Apply","0.00","11/30/2024","No","No"
"COLOCOBM-51739305436","C.I. AGRICOLAS LAS FLORES S.A.S.","Carrera 4ta #12-55 P 2","santa marta",,"Colombia","470006","3137453982",,"operaciones@agriflore.com",,,,,,"Other","0",,,,,"0.0.0.0","Carrera 4ta #12-55 P 2",,,"Carrera 4ta #12-55 P 2","santa marta",,"Colombia","470006","Carrera 4ta #12-55 P 2",,,,"No","Yes","Vendors","No",,,"No","Use default configuration","No","Yes",,,,,"0.00","0.00","0",,"0.00","Never Apply","42,418.94","01/13/2025","No","Yes"
,"Buy Good. Feel Good",,,,,,,,,,,,,,"Other","0",,,,,"0.0.0.0",,,,,,,,,,,,,"No","No","Vendors","No",,,"No","Use default configuration","No","Yes",,,,,"0.00","0.00","0",,"0.00","Never Apply","0.00",,"No","No"
,"Bell mobilité",,,,,,,,,,,,,,"Other","0",,,,,"0.0.0.0",,,,,,,,,,,,,"No","Yes","Vendors","No",,,"No","Use default configuration","No","Yes",,,,,"0.00","0.00","0",,"0.00","Never Apply","1,696.76","12/24/2024","No","No"
,"B.B.C Construction (Building Best Condo Inc.)",,"Montreal","Quebec",,"H4B 1Z2",,,"sandra@bbccondos.com",,,,,,"Other","0",,,,,"0.0.0.0",,,,,"Montreal","Quebec",,"H4B 1Z2",,,,,"No","Yes","Vendors","No",,,"No","Use default configuration","No","Yes",,,,,"0.00","0.00","0",,"0.00","Never Apply","4,241.01","12/31/2024","No","No"
,"HUB International Québec limitée",,,,,,,,,,,,,,"Other","0",,,,,"0.0.0.0",,,,,,,,,,,,,"No","Yes","Vendors","No",,,"No","Use default configuration","No","Yes",,,,,"0.00","0.00","0",,"0.00","Never Apply","13,898.97","12/12/2024","No","No"
,"Association Québecoise du Commerce Equitable",,,,,,,,,,,,,,"Other","0",,,,,"0.0.0.0",,,,,,,,,,,,,"No","Yes","Vendors","No",,,"No","Use default configuration","No","Yes",,,,,"0.00","0.00","0",,"0.00","Never Apply","33.72","10/24/2023","No","No"
,"Armutlu & Arapyan Inc.",,"Saint-Laurent","Québec",,"H4S 1W2","(514) 855-0012",,,,,"Murat Armutlu",,,"Other","0",,,,,"0.0.0.0",,,,,,,,,,,,,"No","Yes","Vendors","No",,,"No","Use default configuration","No","Yes",,,,,"0.00","0.00","0",,"0.00","Never Apply","14,659.31","06/26/2024","No","No"
,"Argus",,"Ville St Laurent","Quebec",,"H4S 1T4","(514) 956-8800",,,,,"Oren Gabbay",,,"Other","0",,,,,"0.0.0.0",,,,,,,,,,,,,"No","No","Vendors","No",,,"No","Use default configuration","No","Yes",,,,,"0.00","0.00","0",,"0.00","Never Apply","0.00",,"No","No"
,"AQDFL",,,,,,,,,,,,,,"Other","0",,,,,"0.0.0.0",,,,,,,,,,,,,"No","Yes","Vendors","No",,,"No","Use default configuration","No","Yes",,,,,"0.00","0.00","0",,"0.00","Never Apply","914.05","12/20/2024","No","No"
"BCPLPEPL-5351837502175","APPBOSA","Sector Nueva Esperanza S/N Samán Marcavelica","Sullana","PIURA","Peru","01","0051 73 969412141",,"appbosa@yahoo.com",,,,,,"Other","0",,,,,"0.0.0.0","Sector Nueva Esperanza S/N Samán Marcavelica",,,"Sector Nueva Esperanza S/N Samán Marcavelica","Sullana","PIURA","Peru","01","Sector Nueva Esperanza S/N Samán Marcavelica",,,,"No","Yes","Vendors","No",,,"No","Use default configuration","Yes","No",,,,"United States Dollar","396,774.35","0.00","0",,"0.00","Never Apply","20,685.21","12/24/2024","No","Yes"
,"Amandine Hance",,,,,,,,,,,,,,"Other","0",,,,,"0.0.0.0",,,,,,,,,,,,,"No","No","Vendors","No",,,"No","Use default configuration","No","Yes",,,,,"0.00","0.00","0",,"0.00","Never Apply","0.00",,"No","No"
,"Alan Grant Consulting Inc.",,"Cambridge","Ontario",,"N1T 2G3","(226) 924-5874",,,,,"Alan Grant",,,"Other","0",,,,,"0.0.0.0",,,,,,,,,,,,,"No","Yes","Vendors","No",,,"No","Use default configuration","No","Yes",,,,,"0.00","0.00","0",,"0.00","Never Apply","1,017.00","01/31/2023","No","No"
,"AgroFair","PO Box 55","Barendrecht",,,,,,,,,,,,"Other","0",,,,,"0.0.0.0","PO Box 55",,,"PO Box 55","Barendrecht",,,,"PO Box 55",,,,"No","Yes","Vendors","No",,,"No","Use default configuration","Yes","Yes",,,,"United States Dollar","0.00","0.00","0","Due on receipt","0.00","Never Apply","863.94","11/22/2023","No","No"
,"Agricola Fairtrasa S.R.L.","Esq, Felix Bonilla","Mao Valverde",,,,"(809) 822-8765",,,,,,,,"Other","0",,,,,"0.0.0.0","Esq, Felix Bonilla",,,,,,,,,,,,"No","No","Vendors","No",,,"No","Use default configuration","No","Yes",,,,,"0.00","0.00","0",,"0.00","Never Apply","0.00",,"No","No"
,"Agence du revenu du Canada",,,,,,,,,,,,,,"Other","0",,,,,"0.0.0.0",,,,,,,,,,,,,"No","Yes","Vendors","No",,,"No","Use default configuration","No","Yes",,,,,"-41,046.31","0.00","0",,"0.00","Never Apply","28,400.00","04/15/2024","No","No"
,"Adobe",,"San Jose","CA",,"95115",,,,,,,,,"Other","0",,,,,"0.0.0.0",,,,,,,,,,,,,"No","Yes","Vendors","No",,,"No","Use default configuration","Yes","Yes",,,,,"0.00","0.00","0",,"0.00","Never Apply","0.00","11/30/2024","No","No"
,"Association Québécoise de la distribution de fruits et légumes",,,,,,,,,,,,,,"Other","0",,,,,"0.0.0.0",,,,,,,,,,,,,"No","No","Vendors","No",,,"No","Use default configuration","No","Yes",,,,,"0.00","0.00","0",,"0.00","Never Apply","0.00",,"No","No"
"031100102-9500018560","721 LOGISTICS LLC DBA J&K FRESHEAST","399 Market Street  Suite 220","Philadelphia","PA","United States","19106",,,"accountsreceivable@721Logistics.com",,,,,,"Other","0",,,,,"0.0.0.0","399 Market Street","Suite 220",,"399 Market Street  Suite 220","Philadelphia","PA","United States","19106","399 Market Street","Suite 220",,,"No","Yes","Vendors","No",,,"No","Use default configuration","Yes","Yes",,,,"United States Dollar","1,290.36","0.00","20","Net 20","0.00","Weekly","4,202.33","01/10/2025","No","No"
,"Belll",,,,,,,,,,,,,,"Other","0",,,,,"0.0.0.0",,,,,,,,,,,,,"No","No","Vendors","No",,,"No","Use default configuration","No","No",,,,,"0.00","0.00","30","Net 30","0.00","Never Apply","0.00",,"No","No"
,"Default Tax Authority",,,,,,,,,,,,,,"Other","0",,,,,"0.0.0.0",,,,,,,,,,,,,"No","No","Vendors","No",,,"No","Use default configuration","No","Yes",,,,,"0.00","0.00","0",,"0.00","Never Apply","0.00",,"No","No"
